CAS_original,Name_original,Name,CAS,Norman_SusDat_ID,Norman_matched,Norman_matched_Synonym_Reliability,CAS_RN,DTXSID,Molecular_Formula,CompoundInfo,DrugType,PotentialSource
7365-45-9,4-(2-hydroxyethyl)piperazin-1-ylethanesulphonic acid,(4-(2-Hydroxyethyl)-1-piperazineethanesulfonic acid,7365-45-9,NS00004939,CAS_RN,NA,CAS_RN: 7365-45-9,DTXSID5040382,C8H18N2O4S1,NA,NA,NA
30086-02-3,"3,5-Octadien-2-one, (E,E)-","(E,E)-3,5-Octadien-2-one",30086-02-3,NA,comptox batch - CAS-RN,NA,NA,DTXSID701016433,C8H12O,NA,NA,NA
66621-73-6,2-pyrimidine acetic acid,(Pyrimidin-2-yl)acetic acid,66621-73-6,NA,comptox batch - CAS-RN,NA,NA,DTXSID40494580,C6H6N2O2,NA,NA,NA
34306-42-8,(S)-2-((tert)-butoxycarbonyl)amino)butanoic acid,(S)-2-((tert)-butoxycarbonyl)amino)butanoic acid,34306-42-8,NS00004773,Name,NA,CAS_RN: 34306-42-8,NA,C9H17N1O4,NA,NA,NA
18679-18-0,"2(3H)-Furanone, dihydro-5-(2-octenyl)-, (Z)-",(Z)-dihydro-5-(2-octenyl)furan-2(3H)-one,18679-18-0,NS00052592,CAS_RN,NA,CAS_RN: 18679-18-0,NA,C12H20O2,NA,NA,NA
3218-36-8,"[1,1'-Biphenyl]-4-carboxaldehyde","[1,1'-Biphenyl]-4-carboxaldehyde",3218-36-8,NS00008757,Name,NA,CAS_RN: 3218-36-8,DTXSID9073961,C13H10O1,NA,NA,NA
29911-28-2,"2-Propanol, 1-(2-butoxy-1-methylethoxy)-",1-(2-Butoxy-1-methylethoxy)propan-2-ol,29911-28-2,NS00002704,Synonyms_ChemSpider,1,CAS_RN: 29911-28-2,DTXSID8027959,C10H22O3,NA,NA,Misc.
10139-84-1,"2',4'-Dihydroxy-3'-methylacetophenone","1-(2,4-Dihydroxy-3-methylphenyl)ethanone",10139-84-1,NA,comptox batch - CAS-RN,NA,NA,DTXSID90343776,C9H10O3,NA,NA,NA
15362-40-0,"2H-Indol-2-one, 1-(2,6-dichlorophenyl)-1,3-dihydro-","1-(2,6-Dichlorophenyl)-2-indolinone",15362-40-0,NS00004994,Synonyms_ChemSpider,1,CAS_RN: 15362-40-0,DTXSID6046979,C14H9Cl2N1O1,NA,NA,PPCP
13171-00-1,Celestolide,"1-(6-tert-Butyl-1,1-dimethyl-2,3-dihydro-1H-inden-4-yl)ethanone",13171-00-1,NS00001394,CAS_RN,NA,CAS_RN: 13171-00-1,DTXSID9044536,C17H24O1,NA,NA,Musk comp
2814-77-9,1-[(2-chloro-4-nitrophenyl)azo]-2-naphthol,1-[(2-chloro-4-nitrophenyl)azo]-2-naphthol,2814-77-9,NS00048734,Name,NA,CAS_RN: 2814-77-9,DTXSID7044637,C16H11ClN3O3,Halogenated,NA,NA
147217-71-8,"2,4'-Dibromodiphenyl ether (PBDE#7)",1-Bromo-2-(4-bromophenoxy)benzene,147217-71-8,NS00077051,CAS_RN,NA,CAS_RN: 147217-71-8,DTXSID50577712,C12H8Br2O,PBDE,NA,NA
2386-47-2,1-butan-sulfonic acid,1-Butanesulfonic acid,2386-47-2,NS00002697,CAS_RN,NA,CAS_RN: 2386-47-2,DTXSID3062364,C4H10O3S1,NA,NA,NA
68259-15-4,MeFHxSA,"1-Hexanesulfonamide, 1,1,2,2,3,3,4,4,5,5,6,6,6-tridecafluoro-N-methyl-",68259-15-4,NS00011242,CAS_RN,NA,CAS_RN: 68259-15-4,DTXSID3071359,C7H4F13N1O2S1,NA,NA,NA
NA,"1-Methyl-1,3-cyclohexadiene-5,6-diol diacetate","1-Methyl-1,3-cyclohexadiene-5,6-diol diacetate",NA,NA,NA,NA,NA,NA,NA,NA,NA,NA
6566-19-4,"10,18-Bisnorabieta-5,7,9(10),11,13-pentaene","1-Methyl-7-(propan-2-yl)-1,2,3,4-tetrahydrophenanthrene",6566-19-4,NA,comptox batch - CAS-RN,NA,NA,DTXSID40984219,C18H22,NA,NA,NA
832-69-9,"Phenanthrene, 1-methyl-",1-Methyl phenanthrene,832-69-9,NS00007467,Synonyms_ChemSpider,1,CAS_RN: 832-69-9,DTXSID6025648,C15H12,PAH and alkylated derivatives,NA,NA
94159-92-9,1-Phenoxy(3-(perfluoro-7-methyloctyl)propan-2-ol),1-Phenoxy(3-(perfluoro-7-methyloctyl)propan-2-ol),94159-92-9,NS00010924,Name,NA,CAS_RN: 94159-92-9,DTXSID70881166,C18H11F19O2,NA,NA,NA
NA,"1,1'-Biphenyl, 2,2',5,5'-tetrachloro- (PCB-52) (isomer)","1,1'-Biphenyl, 2,2',5,5'-tetrachloro- (PCB-52) (isomer)",NA,NA,NA,NA,NA,NA,NA,PCB,NA,NA
611-43-8,"1,1'-Biphenyl, 2,3'-dimethyl-","1,1'-Biphenyl, 2,3'-dimethyl-",611-43-8,NA,comptox batch - CAS-RN,NA,NA,DTXSID30209983,C14H14,NA,NA,NA
611-61-0,"1,1'-Biphenyl, 2,4'-dimethyl-","1,1'-Biphenyl, 2,4'-dimethyl-",611-61-0,NA,comptox batch - CAS-RN,NA,NA,DTXSID00209990,C14H14,NA,NA,NA
78971-81-0,"1,1,2,2,3,3,4,4,5,5,6,6-Dodecafluoro-7-(vinyloxy)heptane","1,1,2,2,3,3,4,4,5,5,6,6-Dodecafluoro-7-(vinyloxy)heptane",78971-81-0,NS00011205,Name,NA,CAS_RN: 78971-81-0,DTXSID00880980,C9H6F12O1,NA,NA,NA
272-16-2,"1,2-Benzisothiazole","1,2-Benzisothiazole",272-16-2,NA,comptox batch - Approved Name,NA,NA,DTXSID7074290,C7H5NS,NA,NA,NA
30364-38-6,"Naphthalene, 1,2-dihydro-1,1,6-trimethyl-","1,2-Dihydro-1,1,6-trimethylnaphthalene",30364-38-6,NS00022016,CAS_RN,NA,CAS_RN: 30364-38-6,DTXSID30184443,C13H16,NA,NA,NA
7694-30-6,"Benzene, 1,1'-(1,2-cyclobutanediyl)bis-, cis-","1,2-Diphenylcyclobutane, cis-",7694-30-6,NS00095944,CAS_RN,NA,CAS_RN: 7694-30-6,DTXSID00227730,C16H16,NA,NA,NA
30316-36-0,"Naphthalene, 1,2,3,4-tetrahydro-1,6,8-trimethyl-","1,2,3,4-Tetrahydro-1,6,8-trimethylnaphthalene",30316-36-0,NA,comptox batch - CAS-RN,NA,NA,DTXSID70873046,C13H18,NA,NA,NA
488-23-3,"Benzene, 1,2,3,4-tetramethyl-","1,2,3,4-Tetramethylbenzene",488-23-3,NS00021173,Synonyms_ChemSpider,1,CAS_RN: 488-23-3,DTXSID4060072,C10H14,NA,NA,NA
527-53-7,"Benzene, 1,2,3,5-tetramethyl-","1,2,3,5-Tetramethylbenzene",527-53-7,NS00009847,Synonyms_ChemSpider,1,CAS_RN: 527-53-7,DTXSID6026119,C10H14,NA,NA,NA
504-15-4,Orcinol,"1,3-Benzenediol, 5-methyl-",504-15-4,NS00032059,Name_ChemSpider,NA,CAS_RN: 504-15-4,DTXSID2060123,C7H8O2,NA,NA,NA
89-39-4,"1,4-dimethoxy-2-nitrobenzene","1,4-dimethoxy-2-nitrobenzene",89-39-4,NS00105984,Name,NA,CAS_RN: 89-39-4,NA,C8H9NO4,NA,NA,NA
3760-14-3,"1,5-Cyclooctadiene, 1,5-dimethyl-","1,5-Cyclooctadiene, 1,5-dimethyl-",3760-14-3,NS00030225,Name,NA,CAS_RN: 3760-14-3,DTXSID3063172,C10H16,NA,NA,NA
71041-49-1,"11-(3,4-Dimethyl-5-pentyl-2-furyl)-dodecanoic acid, methyl ester","11-(3,4-Dimethyl-5-pentyl-2-furyl)-dodecanoic acid, methyl ester",71041-49-1,NA,NA,NA,NA,NA,NA,Furan fatty acid,NA,NA
86879-46-1,"11-(3,4-Dimethyl-5-propyl-2-furyl)-undecanoic acid, methyl ester","11-(3,4-Dimethyl-5-propyl-2-furyl)-undecanoic acid, methyl ester",86879-46-1,NA,NA,NA,NA,NA,NA,Furan fatty acid,NA,NA
NA,11H-Benzo[a]carbazole (isomer),11H-Benzo[a]carbazole (isomer),NA,NA,NA,NA,NA,NA,NA,NA,NA,NA
NA,11H-Benzo[a]carbazole (isomer)-Birgitta1,11H-Benzo[a]carbazole (isomer)-Birgitta1,NA,NA,NA,NA,NA,NA,NA,NA,NA,NA
NA,11H-Benzo[a]carbazole (isomer)-Birgitta2,11H-Benzo[a]carbazole (isomer)-Birgitta2,NA,NA,NA,NA,NA,NA,NA,NA,NA,NA
106-14-9,12-hydroxystearic acid,12-hydroxystearic acid,106-14-9,NS00104291,Name,NA,CAS_RN: 106-14-9,NA,C18H36O3,NA,NA,NA
14507-49-4,"13-ethyl-3-methoxygona-2,5(10)-dien-17Î²-ol","13-ethyl-3-methoxygona-2,5(10)-dien-17Î²-ol",14507-49-4,NS00002728,Name,NA,CAS_RN: 14507-49-4,NA,C20H30O2,NA,NA,NA
239-85-0,"13H-Dibenzo[a,h]fluorene","13H-dibenzo[a,h]fluorene",239-85-0,NS00041490,CAS_RN,NA,CAS_RN: 239-85-0,NA,C21H14,NA,NA,NA
83-33-0,"1H-Inden-1-one, 2,3-dihydro-","1H-Inden-1-one, 2,3-dihydro-",83-33-0,NS00038249,Name,NA,CAS_RN: 83-33-0,DTXSID1058892,C9H8O1,NA,NA,NA
487-89-8,1H-Indole-3-carboxaldehyde,1H-Indole-3-carboxaldehyde,487-89-8,NS00031825,Name,NA,CAS_RN: 487-89-8,DTXSID5060069,C9H7N1O1,NA,NA,NA
1799-84-4,4:2 FTMAC,"1H,1H,2H,2H-Perfluorohexyl methacrylate",1799-84-4,NS00010989,CAS_RN,NA,CAS_RN: 1799-84-4,DTXSID8061979,C10H9F9O2,PFAS,NA,NA
93-08-3,2-Naphthyl methyl ketone,2'-Acetonaphthone,93-08-3,NS00004934,CAS_RN,NA,CAS_RN: 93-08-3,DTXSID2041389,C12H10O1,NA,NA,NA
1559-35-9,"Ethanol, 2-[(2-ethylhexyl)oxy]-",2-(2-Ethylhexyloxy)ethanol,1559-35-9,NS00020386,Synonyms_ChemSpider,1,CAS_RN: 1559-35-9,DTXSID1041920,C10H22O2,NA,NA,NA
615-22-5,"Benzothiazole, 2-(methylthio)-",2-(Methylthio)benzothiazole,615-22-5,NS00007832,Synonyms_ChemSpider,1,CAS_RN: 615-22-5,DTXSID70274236,C8H7N1S2,Industrial additive,NA,NA
75128-73-3,"2-[(2-acetamido-6,9-dihydro-6-oxo-1H-purin-9-yl]methoxy]ethyl acetate","2-[(2-acetamido-6,9-dihydro-6-oxo-1H-purin-9-yl]methoxy]ethyl acetate",75128-73-3,NS00107617,Name,NA,CAS_RN: 75128-73-3,NA,C12H15N5O5,NA,NA,NA
3055-93-4,Diethylene glycol monododecyl ether,2-[2-(Dodecyloxy)ethoxy]ethanol,3055-93-4,NS00013814,CAS_RN,NA,CAS_RN: 3055-93-4,DTXSID7038816,C16H34O3,NA,NA,NA
NA,2-Bromo-6-(3-bromo-prop-1-ynyl)-pyridine,2-Bromo-6-(3-bromo-prop-1-ynyl)-pyridine,NA,NA,NA,NA,NA,NA,NA,Halogenated,NA,NA
23680-84-4,"2-chloro-6,7-dimethoxyquinazolin-4-amine","2-chloro-6,7-dimethoxyquinazolin-4-amine",23680-84-4,NS00106784,Name,NA,CAS_RN: 23680-84-4,NA,C10H10ClN3O2,Halogenated,NA,NA
938-73-8,ethenzamide,2-Ethoxybenzamide,938-73-8,NS00002670,CAS_RN,NA,CAS_RN: 938-73-8,DTXSID4020581,C9H11N1O2,NA,NA,NA
66660-41-1,"2-Ethyldecahydronaphthalene, (Z,E)-","2-Ethyldecahydronaphthalene, (Z,E)-",66660-41-1,NA,NA,NA,NA,NA,NA,NA,NA,NA
83834-59-7,2-Ethylhexyl trans-4-methoxycinnamate,2-Ethylhexyl trans-4-methoxycinnamate,83834-59-7,NS00013675,Name,NA,CAS_RN: 83834-59-7,DTXSID9047205,C18H26O3,NA,NA,NA
7310-95-4,2-Hydroxy-5-methylisophthalaldehyde,2-Hydroxy-5-methylisophthalaldehyde,7310-95-4,NS00037473,Name,NA,CAS_RN: 7310-95-4,DTXSID60223374,C9H8O3,NA,NA,NA
66552-97-4,2-Isopropyl-10-methylphenanthrene,2-Isopropyl-10-methylphenanthrene,66552-97-4,NA,NA,NA,NA,NA,NA,NA,NA,NA
149-30-4,2-Mercaptobenzothiazole,2-Mercaptobenzothiazole,149-30-4,NS00000568,Name,NA,CAS_RN: 149-30-4,DTXSID1020807,C7H5N1S2,Industrial additive,NA,NA
6161-65-5,2-methoxy-6-methylbenzoic acid,2-methoxy-6-methylbenzoic acid,6161-65-5,NS00107392,Name,NA,CAS_RN: 6161-65-5,NA,C9H10O3,NA,NA,NA
5726-19-2,2-methylcyclohexyl acetate,2-methylcyclohexyl acetate,5726-19-2,NS00009395,Name,NA,CAS_RN: 5726-19-2,NA,C9H16O2,NA,NA,NA
90-12-0,"Naphthalene, 1-methyl-",2-Methylnaphthalene,91-57-6,NS00002503,Synonyms_ChemSpider,1,CAS_RN: 91-57-6,DTXSID4020878,C11H10,NA,NA,NA
91-57-6,"Naphthalene, 2-methyl-",2-Methylnaphthalene,91-57-6,NS00002503,Synonyms_ChemSpider,1,CAS_RN: 91-57-6,DTXSID4020878,C11H10,NA,NA,NA
122-99-6,"Ethanol, 2-phenoxy-",2-Phenoxyethanol,122-99-6,NS00002984,CAS_RN,NA,CAS_RN: 122-99-6,DTXSID9021976,C8H10O2,Germacide,NA,Misc.
27503-81-7,2-phenyl-1H-benzimidazole-5-sulphonic acid,2-phenyl-1H-benzimidazole-5-sulphonic acid,27503-81-7,NS00106882,Name,NA,CAS_RN: 27503-81-7,NA,C13H10N2O3S,NA,NA,NA
60-12-8,Phenylethyl Alcohol,2-Phenylethanol,60-12-8,NS00004212,CAS_RN,NA,CAS_RN: 60-12-8,DTXSID9026342,C8H10O1,NA,NA,NA
617-94-7,"Benzenemethanol, Ã ,Ã -dimethyl-",2-Phenylpropan-2-ol,617-94-7,NS00010783,CAS_RN,NA,CAS_RN: 617-94-7,DTXSID3027247,C9H12O1,NA,NA,NA
4432-63-7,2-Phenylpropenal,2-Phenylpropenal,4432-63-7,NS00076572,Name,NA,NA,NA,C9H8O,NA,NA,NA
122-84-9,"2-Propanone, 1-(4-methoxyphenyl)-","2-Propanone, 1-(4-methoxyphenyl)-",122-84-9,NS00011990,Name,NA,CAS_RN:  122-84-9,DTXSID9059545,C10H12O2,NA,NA,NA
86273-46-3,2-(2-Vinyloxyethoxy)ethyl acrylate,"2-Propenoic acid, 2-[2-(ethenyloxy)ethoxy]ethyl ester",86273-46-3,NS00002987,Synonyms_ChemSpider,0,CAS_RN: 86273-46-3,DTXSID90888672,C9H14O4,NA,NA,NA
17092-92-1,"2(4H)-Benzofuranone, 5,6,7,7a-tetrahydro-4,4,7a-trimethyl-, (R)-","2(4H)-Benzofuranone, 5,6,7,7a-tetrahydro-4,4,7a-trimethyl-, (R)-",17092-92-1,NA,NA,NA,NA,NA,NA,NA,NA,NA
4271-09-4,"2,2'-Bibenzothiazole","2,2'-Bibenzothiazole",4271-09-4,NA,comptox batch - Approved Name,NA,NA,DTXSID40325446,C14H8N2S2,NA,NA,NA
612-78-2,"2,2'-Binaphthalene","2,2'-binaphthalene",612-78-2,NS00042025,CAS_RN,NA,CAS_RN: 612-78-2,DTXSID50210112,C20H14,NA,NA,NA
6425-39-4,"2,2'-dimorpholinyldiethyl ether","2,2'-dimorpholinyldiethyl ether",6425-39-4,NS00107461,Name,NA,CAS_RN: 6425-39-4,NA,C12H24N2O3,Catalyst,NA,Construction
35065-30-6,"1,1'-Biphenyl, 2,2',3,3',4,4',5-heptachloro- (PCB-170)","2,2',3,3',4,4',5-Heptachloro-1,1'-biphenyl (PCB 170)",35065-30-6,NS00114249,CAS_RN,NA,CAS_RN: 35065-30-6,DTXSID2073481,NA,PCB,NA,NA
35694-08-7,PCB-194,"2,2',3,3',4,4',5,5'-Octachlorobiphenyl (PCB194)",35694-08-7,NS00114174,CAS_RN,NA,CAS_RN: 35694-08-7,DTXSID5074139,NA,PCB,NA,NA
40186-72-9,PCB-206,"2,2',3,3',4,4',5,5',6-Nonachlorobiphenyl (PCB 206)",40186-72-9,NS00114147,CAS_RN,NA,CAS_RN: 40186-72-9,DTXSID50865989,C12HCl9,PCB,NA,NA
35065-28-2,PCB-138,"2,2',3,4,4',5'-Hexachlorobiphenyl (PCB 138)",35065-28-2,NS00005294,Synonyms_ChemSpider,0,CAS_RN: 35065-28-2,DTXSID8038300,C12H4Cl6,PCB,NA,NA
35065-29-3,PCB-180,"2,2',3,4,4',5,5'-Heptachlorobiphenyl",35065-29-3,NS00001212,Synonyms_ChemSpider,0,CAS_RN: 35065-29-3,DTXSID6038299,C12H3Cl7,PCB,NA,NA
55215-17-3,"2,2',3,4,6-Pentachlorobiphenyl (PCB-88)","2,2',3,4,6-Pentachlorobiphenyl",55215-17-3,NA,comptox batch - CAS-RN,NA,NA,DTXSID6074178,C12H5Cl5,PCB,NA,NA
68631-49-2,"2,2',4,4',5,5'-Hexabromodiphenyl ether (PBDE#154)","2,2',4,4',5,5'-Hexabromodiphenyl ether",68631-49-2,NS00008955,CAS_RN,NA,CAS_RN: 68631-49-2,DTXSID4030047,C12H4Br6O1,PBDE,NA,NA
35065-27-1,PCB-153,"2,2',4,4',5,5'-Hexachlorobiphenyl (PCB 153)",35065-27-1,NS00005442,Name_ChemSpider,NA,CAS_RN: 35065-27-1,DTXSID2032180,C12H4Cl6,PCB,NA,NA
35693-99-3,"1,1'-Biphenyl, 2,2',5,5'-tetrachloro- (PCB-52)","2,2',5,5'-Tetrachlorobiphenyl (PCB 52)",35693-99-3,NS00001956,CAS_RN,NA,CAS_RN: 35693-99-3,DTXSID3038305,C12H6Cl4,PCB,NA,NA
54832-83-6,"1H-Indene, octahydro-2,2,4,4,7,7-hexamethyl-, trans-","2,2,4,4,7,7-Hexamethyloctahydro-1H-indene",54832-83-6,NA,comptox batch - CAS-RN,NA,NA,DTXSID90970182,C15H28,NA,NA,NA
189084-61-5,"2,3',4',6-Tetrabromodiphenyl ether (PBDE#47)","2,3',4,4'-Tetrabromodiphenyl ether",189084-61-5,NS00001012,CAS_RN,NA,CAS_RN: 189084-61-5,DTXSID9052688,C12H6Br4O1,PBDE,NA,NA
52663-62-4,"2,2',3,3',4-Pentachlorobiphenyl","2,3',4,4',5-Pentachlorobiphenyl (PCB 118)",31508-00-6,NS00001962,CAS_RN_ChemSpider,5,CAS_RN: 31508-00-6,DTXSID4032116,C12H5Cl5,PCB,NA,NA
31508-00-6,"2,3',4,4',5-Pentachlorobiphenyl (PCB 118)","2,3',4,4',5-Pentachlorobiphenyl (PCB 118)",31508-00-6,NS00001962,Name,NA,CAS_RN: 31508-00-6,DTXSID4032116,C12H5Cl5,PCB,NA,NA
52663-72-6,"1,1'-Biphenyl, 2,3',4,4',5,5'-hexachloro- (PCB-167)","2,3',4,4',5,5'-Hexachlorobiphenyl (PCB 167)",52663-72-6,NS00099486,CAS_RN,NA,CAS_RN: 52663-72-6,DTXSID7074165,C12H4Cl6,PCB,NA,NA
243-17-4,11H-Benzo[b]fluorene,"2,3-Benzofluorene",243-17-4,NS00004617,Synonyms_ChemSpider,1,CAS_RN: 243-17-4,DTXSID1022477,C17H12,NA,NA,NA
608-27-5,"Benzenamine, 2,3-dichloro-","2,3-Dichloroaniline",608-27-5,NS00008299,Synonyms_ChemSpider,1,CAS_RN: 608-27-5,DTXSID8040696,C6H5Cl2N1,Halogenated,NA,NA
1008-80-6,"Naphthalene, decahydro-2,3-dimethyl-","2,3-Dimethyldecahydronaphthalene",1008-80-6,NA,comptox batch - CAS-RN,NA,NA,DTXSID90858734,C12H22,NA,NA,NA
32598-14-4,"2,3,3',4,4'-Pentachlorobiphenyl (PCB 105)","2,3,3',4,4'-Pentachlorobiphenyl (PCB 105)",32598-14-4,NS00114177,Name,NA,CAS_RN: 32598-14-4,DTXSID8038306,C12H5Cl5,PCB,NA,NA
38380-08-4,PCB-156,"2,3,3',4,4',5-Hexachlorobiphenyl (PCB 156)",38380-08-4,NS00003535,Synonyms_ChemSpider,0,CAS_RN: 38380-08-4,DTXSID0052706,C12H4Cl6,PCB,NA,NA
39635-31-9,PCB-189,"2,3,3',4,4',5,5'-Heptachlorobiphenyl",39635-31-9,NS00074014,CAS_RN,NA,CAS_RN: 39635-31-9,NA,C12H3Cl7,PCB,NA,NA
74472-43-8,"2,3,3',4,5',6-Hexachloro-1,1'-biphenyl","2,3,3',4,5',6-Hexachlorobiphenyl",74472-43-8,NA,comptox batch - Systematic Name,NA,NA,DTXSID3074232,C12H4Cl6,Halogenated,NA,NA
3674-73-5,"Phenanthrene, 2,3,5-trimethyl-","2,3,5-Trimethylphenanthrene",3674-73-5,NS00095846,CAS_RN,NA,CAS_RN: 3674-73-5,DTXSID70190200,C17H16,PAH and alkylated derivatives,NA,NA
829-26-5,"Naphthalene, 2,3,6-trimethyl-","2,3,6-Trimethylnaphthalene",829-26-5,NS00038227,Synonyms_ChemSpider,1,CAS_RN: 829-26-5,DTXSID8061189,C13H14,NA,NA,NA
615-58-7,"2,4-dibromophenol","2,4-Dibromophenol",615-58-7,NS00001617,Name_IUPAC,NA,CAS_RN: 615-58-7,DTXSID1052290,C6H4Br2O1,Halogenated,NA,Flame Retardant
2934-05-6,"Phenol, 2,4-bis(1-methylethyl)-","2,4-Diisopropylphenol",,NS00007254,Synonyms_ChemSpider,1,CAS_RN: NA,DTXSID7042273,C12H18O1,NA,NA,NA
607-99-8,"2,4,6-tribromoanisole","2,4,6-Tribromoanisole",607-99-8,NS00003721,CAS_RN,NA,CAS_RN: 607-99-8,DTXSID1060558,C7H5Br3O1,Natural product,NA,NA
118-79-6,"2,4,6-Tribromophenol","2,4,6-Tribromophenol",118-79-6,NS00004395,Name,NA,CAS_RN: 118-79-6,DTXSID6021959,C6H3Br3O1,Halogenated,NA,Flame Retardant
487-68-3,"Benzaldehyde, 2,4,6-trimethyl-","2,4,6-Trimethylbenzaldehyde",487-68-3,NS00001558,Synonyms_ChemSpider,1,CAS_RN: 487-68-3,DTXSID5052125,C10H12O1,NA,NA,NA
68227-33-8,"2,5,8,11-tetramethyldodec-6-yne-5,8-diol","2,5,8,11-Tetramethyldodec-6-yne-5,8-diol",68227-33-8,NS00003000,Name_IUPAC,NA,CAS_RN: 68227-33-8,DTXSID1052402,C16H30O2,NA,NA,NA
24157-81-1,"2,6-Diisopropylnaphthalene","2,6-Diisopropylnaphthalene",24157-81-1,NS00010761,Name,NA,CAS_RN: 24157-81-1,DTXSID7035272,C16H20,NA,NA,Pesticide
1125-21-9,"2,6,6-Trimethyl-2-cyclohexene-1,4-dione","2,6,6-Trimethyl-2-cyclohexene-1,4-dione",1125-21-9,NS00010663,Name,NA,CAS_RN: 1125-21-9,DTXSID9021685,C9H12O2,flavorant/fragrence,NA,Food additive
80705-13-1,4:3 Acid,3-(Perfluorobutyl)propanoic acid,80705-13-1,NS00011089,CAS_RN,NA,CAS_RN: 80705-13-1,DTXSID80445177,C7H5F9O2,PFAS,NA,NA
94158-70-0,3-(Perfluorodecyl)-2-hydroxypropyl dihydrogen phosphate,3-(Perfluorodecyl)-2-hydroxypropyl dihydrogen phosphate,94158-70-0,NS00010951,Name,NA,CAS_RN: 94158-70-0,DTXSID90881143,C13H8F21O5P1,NA,NA,NA
NA,"3-Buten-1-ol, 4-chloro-2-methyl-1-phenyl-","3-Buten-1-ol, 4-chloro-2-methyl-1-phenyl-",NA,NA,NA,NA,NA,NA,NA,Halogenated,NA,NA
14901-07-6,"3-Buten-2-one, 4-(2,6,6-trimethyl-1-cyclohexen-1-yl)-","3-Buten-2-one, 4-(2,6,6-trimethyl-1-cyclohexen-1-yl)-",14901-07-6,NS00075791,Name,NA,CAS_RN: 14901-07-6,DTXSID9025451,C13H20O,NA,NA,NA
99469-99-5,ethyl 2-ethoxy-4-carboxymethylbenzoate,3-Ethoxy-4-ethoxycarbonylphenylacetic acid,99469-99-5,NS00006678,CAS_RN,NA,CAS_RN: 99469-99-5,DTXSID80244066,C13H16O5,NA,NA,NA
20189-42-8,"1H-Pyrrole-2,5-dione, 3-ethyl-4-methyl-","3-Ethyl-4-methyl-1H-pyrrole-2,5-dione",20189-42-8,NS00010668,Synonyms_ChemSpider,1,CAS_RN: 20189-42-8,DTXSID30174021,C7H9N1O2,NA,NA,NA
74367-34-3,"Propanoic acid, 2-methyl-, 3-hydroxy-2,4,4-trimethylpentyl ester","3-Hydroxy-2,4,4-trimethylpentyl 2-methylpropanoate",74367-34-3,NA,comptox batch - Expert Validated Synonym,NA,NA,DTXSID70881202,C12H24O3,NA,NA,NA
57295-30-4,3-Hydroxy-4-methylbenzaldehyde,3-Hydroxy-4-methylbenzaldehyde,57295-30-4,NS00076576,Name,NA,NA,NA,C8H8O2,NA,NA,NA
100-83-4,3-hydroxybenzaldehyde,3-hydroxybenzaldehyde,100-83-4,NS00104202,Name,NA,CAS_RN: 100-83-4,NA,C7H6O2,NA,NA,NA
21494-57-5,"1H-Pyrrole-2,5-dione, 3-ethenyl-4-methyl-",3-Methyl-2-vinylmaleimide,21494-57-5,NA,comptox batch - CAS-RN,NA,NA,DTXSID60175829,C7H7NO2,NA,NA,NA
643-93-6,"1,1'-Biphenyl, 3-methyl-",3-Methylbiphenyl,643-93-6,NS00022617,Synonyms_ChemSpider,1,CAS_RN: 643-93-6,DTXSID4060941,C13H12,NA,NA,NA
83-34-1,"1H-Indole, 3-methyl-",3-Methylindole,83-34-1,NS00013192,Synonyms_ChemSpider,1,CAS_RN:  83-34-1,DTXSID8021775,C9H9N1,NA,NA,NA
832-71-3,"Phenanthrene, 3-methyl-",3-Methylphenanthrene,832-71-3,NS00038244,Synonyms_ChemSpider,1,CAS_RN: 832-71-3,DTXSID7052731,C15H12,PAH and alkylated derivatives,NA,NA
93703-48-1,"2,2',3,4,4'-Pentabromodiphenyl ether (PBDE#100)","3,3',4,4'-Tetrabromodiphenyl ether",93703-48-1,NS00074031,CAS_RN,NA,CAS_RN: 93703-48-1,NA,C12H6Br4O,PBDE,NA,NA
79-94-7,Tetrabromobisphenol A (TBBP-A),"3,3',5,5'-Tetrabromobisphenol A",79-94-7,NS00002438,CAS_RN,NA,CAS_RN: 79-94-7,DTXSID1026081,C15H12Br4O2,Bisphenol,NA,Flame Retardant
3531-24-6,"2-Propenenitrile, 3,3-diphenyl-","3,3-Diphenylacrylonitrile",3531-24-6,NS00010692,Synonyms_ChemSpider,1,CAS_RN: 3531-24-6,DTXSID40298040,C15H11N1,NA,NA,NA
5715-23-1,"3,4-Dimethylcyclohexanol","3,4-dimethylcyclohexan-1-ol",5715-23-1,NS00046141,CAS_RN,NA,CAS_RN: 5715-23-1,NA,C8H16O,NA,NA,NA
634-91-3,"Benzenamine, 3,4,5-trichloro-","3,4,5-Trichloroaniline",634-91-3,NS00008472,Synonyms_ChemSpider,1,CAS_RN: 634-91-3,DTXSID30212811,C6H4Cl3N1,Halogenated,NA,NA
14035-33-7,"3,5-Di-tert-butyl-4-hydroxyacetophenone","3,5-Di-tert-butyl-4-hydroxyacetophenone",14035-33-7,NS00108535,Name,NA,CAS_RN: 14035-33-7,NA,C16H24O2,NA,NA,NA
3301-10-1,"3,5,5-trimethylhexanoic acid","3,5,5-trimethylhexanoic acid",512345,NS00105192,Name,NA,CAS_RN: 512345,NA,C9H18O2,NA,NA,NA
1576-67-6,"Phenanthrene, 3,6-dimethyl-","3,6-Dimethylphenanthrene",1576-67-6,NS00025130,Synonyms_ChemSpider,1,CAS_RN: 1576-67-6,DTXSID9052682,C16H14,PAH and alkylated derivatives,NA,NA
78-69-3,"3-Octanol, 3,7-dimethyl-","3,7-Dimethyl-3-octanol",78-69-3,NS00003469,CAS_RN,NA,CAS_RN: 78-69-3,DTXSID7029110,C10H22O1,NA,NA,PPCP
1136-85-2,"3,7-Dimethyldibenzothiophene","3,7-Dimethyldibenzothiophene",1136-85-2,NA,NA,NA,NA,NA,NA,NA,NA,NA
123-07-9,"Phenol, 4-ethyl-",4-Ethylphenol,123-07-9,NS00010739,Synonyms_ChemSpider,1,CAS_RN: 123-07-9,DTXSID4021977,C8H10O1,flavorant/fragrence,NA,Misc.
121-33-5,Vanillin,4-Hydroxy-3-methoxybenzaldehyde,121-33-5,NS00009754,Name_ChemSpider,NA,CAS_RN: 121-33-5,DTXSID0021969,C8H8O3,Flavorant,NA,PPCP
99-96-7,4-hydroxybenzoic acid,4-Hydroxybenzoic acid,99-96-7,NS00005418,Name_IUPAC,NA,CAS_RN: 99-96-7,DTXSID3026647,C7H6O3,NA,NA,NA
2380-94-1,1H-Indol-4-ol,4-Hydroxyindole,2380-94-1,NS00013759,Synonyms_ChemSpider,1,CAS_RN: 2380-94-1,DTXSID3057696,C8H7N1O1,NA,NA,NA
3233-32-7,4-acetoxyphenol,4-Hydroxyphenylacetate,3233-32-7,NA,comptox batch - CAS-RN,NA,NA,DTXSID70186062,C8H8O3,NA,NA,NA
29878-31-7,4-methylbenzotriazole (tolyltriazole),4-Methyl-1H-benzotriazole,29878-31-7,NS00108592,CAS_RN,NA,CAS_RN: 29878-31-7,NA,C7H7N3,NA,NA,NA
832-64-4,"Phenanthrene, 4-methyl-",4-Methylphenanthrene,832-64-4,NS00002091,Synonyms_ChemSpider,1,CAS_RN: 832-64-4,DTXSID7073933,C15H12,PAH and alkylated derivatives,NA,NA
121-03-9,4-nitrotoluene-2-sulphonic acid,4-nitrotoluene-2-sulphonic acid,121-03-9,NS00104563,Name,NA,CAS_RN: 121-03-9,NA,C7H7NO5S,NA,NA,NA
35187-19-0,"4,12-Dimethylbenz[a]anthracene","4,12-Dimethyltetraphene",35187-19-0,NA,comptox batch - CAS-RN,NA,NA,DTXSID40956633,C20H16,NA,NA,NA
26088-14-2,"9,9-bis(4-hydroxyphenyl)fluorene","4,4'-(9H-Fluorene-9,9-diyl)diphenol",26088-14-2,NS00001837,CAS_RN,NA,CAS_RN: 26088-14-2,DTXSID5037731,C25H18O2,NA,NA,NA
613-33-2,"4,4'-Dimethylbiphenyl","4,4'-Dimethylbiphenyl",613-33-2,NS00034646,Name,NA,CAS_RN: 613-33-2,DTXSID30210195,C14H14,NA,NA,NA
80-09-1,bisphenol S,"4,4'-Sulfonyldiphenol",80-09-1,NS00010610,CAS_RN,NA,CAS_RN: 80-09-1,DTXSID3022409,C12H10O4S1,Bisphenol,NA,Misc.
81778-07-6,"4,4-dimethyl-1,2-oxazolidin-3-one","4,4-dimethyl-1,2-oxazolidin-3-one",81778-07-6,NS00005019,Name,NA,CAS_RN: 81778-07-6,DTXSID10348985,C5H9N1O2,NA,NA,NA
NA,"4,4,6a,6b,8a,11,11,14b-Octamethyl-1,4,4a,5,6,6a,6b,7,8,8a,9,10,11,12,12a,14,14a,14b-octadecahydro-2H-picen-3-one","4,4,6a,6b,8a,11,11,14b-Octamethyl-1,4,4a,5,6,6a,6b,7,8,8a,9,10,11,12,12a,14,14a,14b-octadecahydro-2H-picen-3-one",NA,NA,NA,NA,NA,NA,NA,NA,NA,NA
135984-67-7,4:2 FTAL,4:2 Fluorotelomer aldehyde,135984-67-7,NS00011080,CAS_RN,NA,CAS_RN: 135984-67-7,NA,C6H3F9O1,PFAS,NA,NA
2043-47-2,4:2 FTOH,4:2 FTOH,2043-47-2,NS00108564,Name,NA,CAS_RN: 2043-47-2,NA,C6H5F9O,PFAS,NA,NA
5737-13-3,Cyclopenta(def)phenanthrenone,4H-Cyclopenta(def)phenanthren-4-one,5737-13-3,NS00014588,Synonyms_ChemSpider,0,CAS_RN: 5737-13-3,DTXSID50205967,C15H8O1,NA,NA,NA
2784-27-2,5-(4-hydroxyphenyl)-5-phenylhydantoin,5-(4-hydroxyphenyl)-5-phenylhydantoin,2784-27-2,NS00007796,Name,NA,CAS_RN: 2784-27-2,NA,C15H12N2O3,NA,NA,PPCP
29393-32-6,"2(3H)-Furanone, 5-acetyldihydro-",5-acetyldihydrofuran-2(3H)-one,29393-32-6,NS00049070,CAS_RN,NA,CAS_RN: 29393-32-6,DTXSID00951927,C6H8O3,NA,NA,NA
104-67-6,"2(3H)-Furanone, 5-heptyldihydro-",5-Heptyldihydro-2(3H)-furanone,104-67-6,NS00008440,Synonyms_ChemSpider,1,CAS_RN: 104-67-6,DTXSID4034287,C11H20O2,Fragrance,NA,Misc.
15356-74-8,"2(4H)-Benzofuranone, 5,6,7,7a-tetrahydro-4,4,7a-trimethyl-","5,6,7,7a-tetrahydro-4,4,7a-trimethylbenzofuran-2(4H)-one",15356-74-8,NS00051943,CAS_RN,NA,CAS_RN: 15356-74-8,DTXSID00864588,C11H16O2,flavorant/fragrence,NA,Food additive
641-85-0,Allopregnane,5a-pregnane,641-85-0,NS00042173,CAS_RN,NA,CAS_RN: 641-85-0,NA,C21H36,NA,NA,NA
243-28-7,Benzo(b)carbazole,5H-Benzo(b)carbazole,243-28-7,NS00027618,CAS_RN,NA,CAS_RN: 243-28-7,DTXSID80179026,C16H11N1,NA,NA,NA
60-32-2,Aminocaproic acid,6-Aminocaproic acid,60-32-2,NS00014764,Name_ChemSpider,NA,CAS_RN: 60-32-2,DTXSID0020070,C6H13N1O2,Drug,Bleeding disorder,PPCP
1198-47-6,6-Methylthioguanin,6-Methylthioguanine,1198-47-6,NS00008363,CAS_RN,NA,CAS_RN: 1198-47-6,DTXSID60152594,C6H7N5S1,NA,NA,NA
976-70-5,"3-oxopregn-4-ene-21,17a-carbolactone","6,7-DIHYDROCANRENONE",976-70-5,NS00008961,CAS_RN,NA,CAS_RN: 976-70-5,DTXSID10875403,C22H30O3,NA,NA,NA
83469-43-6,6H-Cyclobuta[jk]phenanthrene,6H-Cyclobuta[jk]phenanthrene,83469-43-6,NA,NA,NA,NA,NA,NA,NA,NA,NA
552-62-5,7-Methylxanthin,7-Methylxanthine,552-62-5,NS00005508,Synonyms_ChemSpider,0,CAS_RN: 552-62-5,DTXSID60203696,C6H6N4O2,NA,NA,NA
NA,7H-Benzo[c]fluorene (isomer),7H-Benzo[c]fluorene (isomer),NA,NA,NA,NA,NA,NA,NA,NA,NA,NA
NA,7H-Benzo[c]fluorene (isomer)-Birgitta,7H-Benzo[c]fluorene (isomer)-Birgitta,NA,NA,NA,NA,NA,NA,NA,NA,NA,NA
NA,7H-Benzo[c]fluorene (isomer)-Birgitta2,7H-Benzo[c]fluorene (isomer)-Birgitta2,NA,NA,NA,NA,NA,NA,NA,NA,NA,NA
NA,7H-Benzo[c]fluorene (isomer)-Birgitta3,7H-Benzo[c]fluorene (isomer)-Birgitta3,NA,NA,NA,NA,NA,NA,NA,NA,NA,NA
199-94-0,7H-Benzo[de]anthracene,7H-Benzo[de]anthracene,199-94-0,NA,NA,NA,NA,NA,NA,NA,NA,NA
61443-78-5,Amoxapine-8-hydroxy,8-Hydroxyamoxapine,61443-78-5,NS00010101,CAS_RN,NA,CAS_RN: 61443-78-5,DTXSID40210388,C17H16Cl1N3O2,NA,NA,NA
298-81-7,methoxsalen,8-Methoxypsoralen,298-81-7,NS00004875,CAS_RN,NA,CAS_RN: 298-81-7,DTXSID8020830,C12H8O4,NA,NA,NA
82979-72-4,"8,9-Dihydro-7H-cyclopenta[a]pyrene","8,9-Dihydro-7H-cyclopenta[a]pyrene",82979-72-4,NA,NA,NA,NA,NA,NA,NA,NA,NA
27410-55-5,"8,9-Dihydrocyclopenta[def]phenanthrene","8,9-Dihydrocyclopenta[def]phenanthrene",27410-55-5,NA,NA,NA,NA,NA,NA,NA,NA,NA
39108-34-4,8:2 FTS,8:2 Fluorotelomer sulfonic acid,39108-34-4,NS00011092,CAS_RN,NA,CAS_RN: 39108-34-4,DTXSID00192353,C10H5F17O3S1,PFAS,NA,NA
241-28-1,"8H-Indeno[2,1-b]phenanthrene","8H-Indeno[2,1-b]phenanthrene",241-28-1,NA,NA,NA,NA,NA,NA,NA,NA,NA
611-64-3,"Acridine, 9-methyl-",9-methylacridine,611-64-3,NS00042821,CAS_RN,NA,CAS_RN: 611-64-3,NA,C14H11N,PAC,NA,NA
544-64-9,Myristoleic acid,"9-Tetradecenoic acid, (9Z)-",544-64-9,NS00020426,Name_ChemSpider,NA,CAS_RN: 544-64-9,DTXSID5041568,C14H26O2,NA,NA,NA
50861-05-7,9H-Cyclopenta[a]pyrene,9H-Cyclopenta[a]pyrene,50861-05-7,NA,NA,NA,NA,NA,NA,NA,NA,NA
92-83-1,9H-Xanthene,9H-Xanthene,92-83-1,NS00019926,Name,NA,CAS_RN: 92-83-1,DTXSID1059070,C13H10O1,Dye precursor,NA,NA
7228-47-9,a-Methyl-2-naphthalenemethanol,a-methylnaphthalene-2-methanol,7228-47-9,NS00044941,CAS_RN,NA,CAS_RN: 7228-47-9,NA,C12H12O,NA,NA,NA
34434-80-5,Abiet-8(14)-en-18-oic acid,Abiet-8(14)-en-18-oic acid (NSC18746),34434-80-5,NS00001533,Name_ChemSpider,NA,CAS_RN: 34434-80-5,DTXSID40280804,C20H32O2,NA,NA,NA
37517-30-9,Acebutolol,Acebutolol,37517-30-9,NS00006043,Name,NA,CAS_RN: 37517-30-9,DTXSID2048539,C18H28N2O4,Drug,NA,PPCP
6232-48-0,"Acephenanthrylene, 4,5-dihydro-","Acephenanthrylene, 4,5-dihydro-",6232-48-0,NA,comptox batch - CAS-RN,NA,NA,DTXSID30211384,C16H12,NA,NA,NA
19077-98-6,N-Acetylsulfapyridin,"Acetamide, N-[4-[(2-pyridinylamino)sulfonyl]phenyl]-",19077-98-6,NS00008156,CAS_RN,NA,CAS_RN: 19077-98-6,DTXSID5066453,C13H13N3O3S1,NA,NA,NA
103-90-2,Paracetamol,Acetaminophen,103-90-2,NS00000231,Name_ChemSpider,NA,CAS_RN: 103-90-2,DTXSID2020006,C8H9N1O2,NA,NA,PPCP
65593-73-9,Methyl (cyclohexyloxy)acetate,"Acetic acid, 2-(cyclohexyloxy)-, methyl ester",65593-73-9,NS00004583,Name_ChemSpider,NA,CAS_RN: 65593-73-9,DTXSID30886773,C9H16O3,NA,NA,NA
692-04-6,Acetyllysine,acetyllysine,692-04-6,NS00008574,Synonyms_ChemSpider,0,CAS_RN: 692-04-6,NA,C8H16N2O3,NA,NA,NA
315-30-0,Allopurinol,Allopurinol,315-30-0,NS00000618,Name,NA,CAS_RN: 315-30-0,DTXSID4022573,C5H4N4O1,Drug,NA,PPCP
16220-07-8,Allopurinol riboside,Allopurinol riboside,16220-07-8,NS00004733,Name,NA,CAS_RN: 16220-07-8,NA,C10H12N4O5,NA,NA,NA
6786-83-0,"Î±,Î±-bis[4-(dimethylamino)phenyl]-4-(phenylamino)naphthalene-1-methanol","alpha,alpha-bis[4-(Dimethylamino)phenyl]-4-(phenylamino)-1-naphthalenemethanol",6786-83-0,NS00011486,CAS_RN,NA,CAS_RN: 6786-83-0,DTXSID4064474,C33H33N3O1,NA,NA,NA
50-48-6,Amitriptyline,Amitriptyline,50-48-6,NS00000032,Name,NA,CAS_RN: 50-48-6,DTXSID7022594,C20H23N1,Drug,NA,PPCP
88150-42-9,Amlodipine,Amlodipine,88150-42-9,NS00000043,Name,NA,CAS_RN: 88150-42-9,DTXSID7022596,C20H25Cl1N2O5,Drug,NA,PPCP
227-86-1,"Anthra(1,2-b)thiophene","Anthra(1,2-b)thiophene",227-86-1,NA,comptox batch - Approved Name,NA,NA,DTXSID20177228,C16H10S,NA,NA,NA
120-12-7,Anthracene,Anthracene,120-12-7,NS00010699,Name,NA,CAS_RN: 120-12-7,DTXSID0023878,C14H10,PAH - Dye precursor,NA,Misc.
84-65-1,"9,10-Anthracenedione",Anthraquinone,84-65-1,NS00010810,CAS_RN,NA,CAS_RN: 84-65-1,DTXSID3020095,C14H8O2,Mineral,NA,Misc.
198904-31-3,Atazanavir,Atazanavir,198904-31-3,NS00000470,Name,NA,CAS_RN: 198904-31-3,DTXSID9048691,C38H52N6O7,Drug,HIV/AIDS,PPCP
29122-68-7,Atenolol,Atenolol,29122-68-7,NS00010385,Name,NA,CAS_RN: 29122-68-7,DTXSID2022628,C14H22N2O3,Drug,Beta blocker,PPCP
83905-01-5,Azithromycin,Azithromycin,83905-01-5,NS00000204,Name,NA,CAS_RN: 83905-01-5,DTXSID8030760,C38H72N2O12,Drug,Antibiotic,PPCP
67-52-7,"2,4,6(1H,3H,5H)-Pyrimidinetrione",Barbital,57-44-3,NS00003391,Synonyms_ChemSpider,1,CAS_RN: 57-44-3,DTXSID5022643,C8H12N2O3,NA,NA,NA
56-55-3,Benz[a]anthracene,Benz(a)anthracene,56-55-3,NS00010721,Synonyms_ChemSpider,1,CAS_RN: 56-55-3,DTXSID5023902,C18H12,NA,NA,NA
225-51-4,Benz[c]acridine,Benz[c]acridine,225-51-4,NS00014411,Name,NA,CAS_RN: 225-51-4,DTXSID9059759,C17H11N1,NA,NA,NA
82-05-3,7H-Benz[de]anthracen-7-one,Benz[de]anthracen-7-one,82-05-3,NS00003051,Synonyms_ChemSpider,1,CAS_RN: 82-05-3,DTXSID8052566,C17H10O1,NA,NA,NA
4537-15-9,"Benzene, (1-butylheptyl)-","BENZENE, (1-BUTYLHEPTYL)-",4537-15-9,NS00095862,CAS_RN,NA,CAS_RN: 4537-15-9,DTXSID40874984,C17H28,NA,NA,NA
2719-62-2,"Benzene, (1-pentylheptyl)-","BENZENE, (1-PENTYLHEPTYL)-",2719-62-2,NS00008712,Synonyms_ChemSpider,1,CAS_RN: 2719-62-2,DTXSID70875106,C18H30,NA,NA,NA
19578-70-2,"Benzene, 1-methyl-2-(phenylmethoxy)-","Benzene, 1-methyl-2-(phenylmethoxy)-",19578-70-2,NA,comptox batch - CAS-RN,NA,NA,DTXSID40173242,C14H14O,NA,NA,NA
76811-98-8,"Benzeneacetic acid, 4-[4-[4-(hydroxydiphenylmethyl)-1-piperidinyl]-1-oxobutyl]-Î±,Î±-dimethyl-","Benzeneacetic acid, 4-[4-[4-(hydroxydiphenylmethyl)-1-piperidinyl]-1-oxobutyl]-Î±,Î±-dimethyl-",76811-98-8,NS00004579,Name,NA,CAS_RN: 76811-98-8,NA,C32H37N1O4,NA,NA,NA
2286-54-6,"Benzenepropanenitrile, á-phenyl-","Benzenepropanenitrile, .beta.-phenyl-",61310-06-3,NS00010691,CAS_RN_Dashboard,NA,CAS_RN: 61310-06-3,NA,C15H13N1,NA,NA,NA
50-32-8,Benzo[a]pyrene,Benzo(a)pyrene,50-32-8,NS00006321,Synonyms_ChemSpider,1,CAS_RN: 50-32-8,DTXSID2020139,C20H12,NA,NA,NA
63104-32-5,10-Methylbenzo(a)pyrene,"Benzo(a)pyrene, 10-methyl-",63104-32-5,NA,comptox batch - CAS-RN,NA,NA,DTXSID40212443,C21H14,NA,NA,NA
205-99-2,Benzo[b]fluoranthene,Benzo(b)fluoranthene,205-99-2,NS00006596,Synonyms_ChemSpider,4,CAS_RN: 205-99-2,DTXSID0023907,C20H12,PAC,NA,NA
NA,"2-Methylbenzo[b]naphtho[2,1-d]thiophene","Benzo(b)naphtho(2,1-d)thiophene, 2-methyl-",NA,NA,comptox batch - Systematic Name,NA,NA,DTXSID90196582,C17H12S,NA,NA,NA
243-42-5,"Benzo[b]naphtho[2,3-d]furan","Benzo(b)naphtho(2,3-d)furan",243-42-5,NS00027627,CAS_RN,NA,CAS_RN: 243-42-5,DTXSID60179029,C16H10O1,NA,NA,NA
192-97-2,Benzo[e]pyrene,Benzo(e)pyrene,192-97-2,NS00002471,Name_ChemSpider,NA,CAS_RN: 192-97-2,DTXSID3023764,C20H12,NA,NA,NA
200-23-7,Benzo[kl]xanthene,Benzo(k l)xanthene,200-23-7,NS00041302,CAS_RN,NA,CAS_RN: 200-23-7,DTXSID90173813,C16H10O,NA,NA,NA
207-08-9,Benzo[k]fluoranthene,Benzo(k)fluoranthene,207-08-9,NS00003847,Synonyms_ChemSpider,1,CAS_RN: 207-08-9,DTXSID0023909,C20H12,NA,NA,NA
205-39-0,"Benzo(b)naphtho(1,2-d)furan","Benzo[b]naphtho[1,2-d]furan",205-39-0,NA,comptox batch - CAS-RN,NA,NA,DTXSID00942673,C16H10O,NA,NA,NA
205-43-6,"Benzo[b]naphtho[1,2-d]thiophene","Benzo[b]naphtho[1,2-d]thiophene",205-43-6,NA,comptox batch - Approved Name,NA,NA,DTXSID4075370,C16H10S,NA,NA,NA
239-35-0,"Benzo[b]naphtho[2,1-d]thiophene","Benzo[b]naphtho[2,1-d]thiophene",239-35-0,NS00027512,Name,NA,CAS_RN: 239-35-0,DTXSID8075205,C16H10S1,NA,NA,NA
24964-16-7,"Benzo[b]naphtho[2,3-d]thiophene, 7,8-dimethyl-","benzo[b]naphtho[2,3-d]thiophene, 6,8-dimethyl-",24964-16-7,NS00095900,CAS_RN,NA,CAS_RN: 24964-16-7,DTXSID40880808,C18H14S,NA,NA,NA
195-19-7,Benzo[c]phenanthrene,Benzo[c]phenanthrene,195-19-7,NS00041480,Name,NA,CAS_RN: 195-19-7,DTXSID4075459,C18H12,NA,NA,NA
203-12-3,Benzo[ghi]fluoranthene,Benzo[ghi]fluoranthene,203-12-3,NS00041486,Name,NA,CAS_RN: 203-12-3,DTXSID4075455,C18H10,NA,NA,NA
205-82-3,Benzo[j]fluoranthene,Benzo[j]fluoranthene,205-82-3,NS00041304,Name,NA,CAS_RN: 205-82-3,DTXSID8052691,C20H12,NA,NA,NA
94-09-7,BENZOCAINE,Benzocaine,94-09-7,NS00001814,CAS_RN,NA,CAS_RN: 94-09-7,DTXSID8021804,C9H11N1O2,Drug,Anesthetic,PPCP
65-85-0,Benzoic acid,Benzoic acid,65-85-0,NS00008785,Name,NA,CAS_RN: 65-85-0,DTXSID6020143,C7H6O2,NA,NA,Misc.
584-44-1,Thymotic acid,"Benzoic acid, 4-hydroxy-2-methyl-5-(1-methylethyl)- (9CI)",584-44-1,NA,comptox batch - CAS-RN,NA,NA,DTXSID20207110,C11H14O3,NA,NA,NA
NA,"Benzoic acid, pentadecyl ester","Benzoic acid, pentadecyl ester",NA,NS00076547,Name,NA,NA,NA,C22H36O2,NA,NA,NA
NA,"Benzoic acid, tridecyl ester","Benzoic acid, tridecyl ester",NA,NS00076546,Name,NA,NA,NA,C20H32O2,NA,NA,NA
119-61-9,Benzophenone,Benzophenone,119-61-9,NS00010632,Name,NA,CAS_RN: 119-61-9,DTXSID0021961,C13H10O1,NA,NA,PPCP
95-16-9,Benzothiazole,Benzothiazole,95-16-9,NS00000291,Name,NA,CAS_RN: 95-16-9,DTXSID7024586,C7H5N1S1,PAC,NA,NA
934-34-9,2(3H)-Benzothiazolone,Benzothiazolone,934-34-9,NS00008199,Synonyms_ChemSpider,1,CAS_RN: 934-34-9,DTXSID6061315,C7H5N1O1S1,NA,NA,PPCP
NA,Benzoylecgonine,Benzoylecgonine,519-09-5,NS00000407,Name,NA,CAS_RN: 519-09-5,DTXSID7046758,C16H19N1O4,NA,NA,NA
140-11-4,"Acetic acid, phenylmethyl ester",Benzyl acetate,140-11-4,NS00002107,Synonyms_ChemSpider,1,CAS_RN: 140-11-4,DTXSID0020151,C9H10O2,Fragrance,NA,PPCP
79-77-6,trans-beta-Ionone,beta-Ionone,79-77-6,NS00001727,CAS_RN,NA,CAS_RN: 79-77-6,DTXSID4021769,C13H20O1,NA,NA,Misc.
90357-06-5,bicalutamide,Bicalutamide,90357-06-5,NS00000400,CAS_RN,NA,CAS_RN: 90357-06-5,DTXSID2022678,C18H14F4N2O4S1,NA,NA,NA
242794-76-9,"Bicyclo[5.2.0]nonane, 2-methylene-4,8,8-trimethyl-4-vinyl-","Bicyclo[5.2.0]nonane, 2-methylene-4,8,8-trimethyl-4-vinyl-",242794-76-9,NA,NA,NA,NA,NA,NA,NA,NA,NA
6422-86-2,"1,4-Benzenedicarboxylic acid, bis(2-ethylhexyl) ester",Bis(2-ethylhexyl) terephthalate,6422-86-2,NS00007552,Synonyms_ChemSpider,1,CAS_RN: 6422-86-2,DTXSID7027625,C24H38O4,NA,NA,Misc.
620-92-8,"4,4-BPF",Bis(4-hydroxyphenyl)methane,620-92-8,NS00009451,CAS_RN,NA,CAS_RN: 620-92-8,DTXSID9022445,C13H12O2,Bisphenol,NA,Plastic manufacturing
40143-77-9,C6/C6-PFPIA,Bis(tridecafluorohexyl)phosphinic acid,,NS00011284,CAS_RN_Dashboard,NA,CAS_RN: NA,DTXSID00786953,C12H1F26O2P1,PFAS,NA,NA
66722-44-9,Bisoprolol,Bisoprolol,66722-44-9,NS00009929,Name,NA,CAS_RN: 66722-44-9,DTXSID6022682,C18H31N1O4,Drug,Heart disease,PPCP
843-55-0,bisfenol Z,Bisphenol Z,843-55-0,NS00014633,CAS_RN,NA,CAS_RN: 843-55-0,DTXSID4047963,C18H20O2,Bisphenol,NA,NA
110-15-6,Succinic acid,Butanedioic acid,110-15-6,NS00002272,Name_ChemSpider,NA,CAS_RN: 110-15-6,DTXSID6023602,C4H6O4,NA,NA,NA
106-31-0,butyric anhydride,butyric anhydride,106-31-0,NS00104298,Name,NA,CAS_RN: 106-31-0,NA,C8H14O3,NA,NA,NA
104-23-4,4'-aminoazobenzene-4-sulfonic acid,C.I. Food Yellow 6,104-23-4,NS00006633,CAS_RN,NA,CAS_RN: 104-23-4,DTXSID4041731,C12H11N3O3S1,Colorant,NA,PPCP
58-08-2,Caffeine,Caffeine,58-08-2,NS00000273,Name,NA,CAS_RN: 58-08-2,DTXSID0020232,C8H10N4O2,NA,NA,PPCP
6804-07-5,carbadox,Carbadox,6804-07-5,NS00011822,CAS_RN,NA,CAS_RN: 6804-07-5,DTXSID6043913,C11H10N4O4,NA,NA,NA
298-46-4,Carbamazepine,Carbamazepine,298-46-4,NS00000207,Name,NA,CAS_RN: 298-46-4,DTXSID4022731,C15H12N2O1,Drug,Epilepsy,PPCP
36507-30-9,"10,11-Epoxycarbamazepine",Carbamazepine epoxide,36507-30-9,NS00000327,Synonyms_ChemSpider,0,CAS_RN: 36507-30-9,DTXSID60891456,C15H12N2O2,NA,NA,PPCP
NA,"Carbamazepine, 10-hydroxy","Carbamazepine, 10-hydroxy",NA,NA,NA,NA,NA,NA,NA,NA,NA,NA
NA,"Carbamazepine, 10, 11-dihydroxy","Carbamazepine, 10, 11-dihydroxy",NA,NA,NA,NA,NA,NA,NA,NA,NA,NA
2387-59-9,carbocisteine,Carbocysteine,2387-59-9,NS00006061,CAS_RN,NA,CAS_RN: 2387-59-9,DTXSID9022738,C5H9N1O4S1,NA,NA,NA
56980-93-9,Celiprolol,Celiprolol,56980-93-9,NS00010514,Name,NA,CAS_RN: 56980-93-9,DTXSID3020259,C20H33N3O4,Drug,Beta blocker,PPCP
83881-51-0,Cetirizine,Cetirizine,83881-51-0,NS00000386,Name,NA,CAS_RN: 83881-51-0,DTXSID4022787,C21H25Cl1N2O3,Drug,Antihistamine,PPCP
2536-31-4,Chlorflurenol-methyl (ester),Chlorflurenol-methyl,2536-31-4,NS00002592,CAS_RN,NA,CAS_RN: 2536-31-4,DTXSID4032534,C15H11Cl1O3,NA,NA,NA
154-23-4,catechin,Cianidanol,154-23-4,NS00004541,CAS_RN,NA,CAS_RN: 154-23-4,DTXSID3022322,C15H14O6,Natural product,NA,NA
85721-33-1,Ciprofloxacin,Ciprofloxacin,85721-33-1,NS00008031,Name,NA,CAS_RN: 85721-33-1,DTXSID8022824,C17H18F1N3O3,Drug,Antibiotic,PPCP
59729-33-8,Citalopram/Escitalopram,Citalopram,59729-33-8,NS00000035,CAS_RN,NA,CAS_RN: 59729-33-8,DTXSID8022826,C20H21F1N2O1,Drug,Antidepressant,PPCP
81103-11-9,Clarithromycin,Clarithromycin,81103-11-9,NS00000205,Name,NA,CAS_RN: 81103-11-9,DTXSID3022829,C38H69N1O13,Drug,Antibiotic,PPCP
5786-21-0,Clozapine,Clozapine,5786-21-0,NS00000413,Name,NA,CAS_RN: 5786-21-0,DTXSID5022855,C18H19Cl1N4,Drug,Antiphsychotic,PPCP
50-36-2,Cocaine,Cocaine,50-36-2,NS00000403,Name,NA,CAS_RN: 50-36-2,DTXSID2038443,C17H21N1O4,Drug - Illicit,Stimulant,PPCP
76-57-3,Codeine,Codeine,76-57-3,NS00000391,Name,NA,CAS_RN: 76-57-3,DTXSID2020341,C18H21N1O3,Drug,Pain medication,PPCP
486-56-6,Cotinine,Cotinine,486-56-6,NS00010263,Name,NA,CAS_RN: 486-56-6,DTXSID1047576,C10H12N2O1,Tobacco,Nicotine metabolite,PPCP
91-64-5,Coumarin,Coumarin,91-64-5,NS00002381,Name,NA,CAS_RN: 91-64-5,DTXSID7020348,C9H6O2,NA,NA,PPCP
27208-37-3,"Cyclopenta(c,d)pyren",Cyclopenta[cd]pyrene,27208-37-3,NS00005566,CAS_RN,NA,CAS_RN: 27208-37-3,DTXSID7074822,C18H10,NA,NA,NA
1222-05-5,Galaxolide,"Cyclopenta[g]-2-benzopyran, 1,3,4,6,7,8-hexahydro-4,6,6,7,8,8-hexamethyl-",1222-05-5,NS00008760,Name_ChemSpider,NA,CAS_RN: 1222-05-5,DTXSID8027373,C18H26O1,NA,NA,PPCP
147-94-4,cytarabine,Cytarabine,147-94-4,NS00005949,Name_ChemSpider,NA,CAS_RN: 147-94-4,DTXSID3022877,C9H13N3O5,NA,NA,NA
50-99-7,glucose,D-Glucose,50-99-7,NS00007629,CAS_RN,NA,CAS_RN: 50-99-7,DTXSID7022910,C6H12O6,NA,NA,NA
352-21-6,Aminohydroxybutyric acid,"D,L-4-amino-3-hydroxybutyric acid",352-21-6,NS00079381,CAS_RN,NA,CAS_RN: 352-21-6,NA,C4H9NO3,NA,NA,NA
2051-24-3,PCB-209,Decachlorobiphenyl,2051-24-3,NS00026668,CAS_RN,NA,CAS_RN: 2051-24-3,DTXSID4047541,C12Cl10,PCB,NA,NA
2958-76-1,"Naphthalene, decahydro-2-methyl-",Decahydro-2-methylnaphthalene,2958-76-1,NS00096217,CAS_RN,NA,CAS_RN: 2958-76-1,DTXSID20873314,C11H20,NA,NA,NA
30652-11-0,Deferiprone,Deferiprone,30652-11-0,NS00005705,Name,NA,CAS_RN: 30652-11-0,DTXSID6040666,C7H9N1O2,NA,NA,NA
62498-67-3,"Citalopram, Desmethyl",desmethylcitalopram,62498-67-3,NS00006900,CAS_RN,NA,CAS_RN: 62498-67-3,DTXSID90881082,C19H19F1N2O1,Drug,Antidepressant metabolite,PPCP
132-64-9,Dibenzofuran,Dibenzofuran,132-64-9,NS00010742,Name,NA,CAS_RN: 132-64-9,DTXSID2021993,C12H8O1,Heterocyclic organic compound,NA,NA
90474-13-8,"diethyl 1,2-cyclopentanedicarboxylate","diethyl 1,2-cyclopentanedicarboxylate",90474-13-8,NS00004507,Name,NA,CAS_RN: 90474-13-8,NA,C11H18O4,NA,NA,NA
192389-48-3,diethyl N-[3-(trimethoxysilyl)propyl]aspartate,Diethyl N-[3-(trimethoxysilyl)propyl]-L-aspartate,192389-48-3,NA,comptox batch - Integrated Source Name,NA,NA,DTXSID10572304,C14H29NO7Si,NA,NA,NA
56209-45-1,Diltiazem,Diltiazem,56209-45-1,NS00000473,Name,NA,CAS_RN: 56209-45-1,DTXSID50881104,C22H26N2O4S1,Drug,Heart disease,PPCP
61432-55-1,Dimepiperate,Dimepiperate,61432-55-1,NS00008312,Name,NA,CAS_RN: 61432-55-1,DTXSID5058141,C15H21N1O1S1,NA,NA,NA
1086384-49-7,"N-(2,6-dimethyl-phenyl)-N-(2-methoxy-ethyl)-oxalamic acid",Dimethachlor OXA,1086384-49-7,NS00000332,CAS_RN,NA,CAS_RN: 1086384-49-7,DTXSID80891458,C13H17N1O4,NA,NA,NA
477-93-0,dimethoxanate,Dimethoxanate,477-93-0,NS00006617,Name_ChemSpider,NA,CAS_RN: 477-93-0,DTXSID50197257,C19H22N2O3S1,NA,NA,NA
627-93-0,"Hexanedioic acid, dimethyl ester",Dimethyl adipate,627-93-0,NS00004584,Synonyms_ChemSpider,1,CAS_RN: 627-93-0,DTXSID8025096,C8H14O4,NA,NA,NA
108-59-8,dimethyl malonate,dimethyl malonate,108-59-8,NS00104361,Name,NA,CAS_RN: 108-59-8,NA,C5H8O4,NA,NA,NA
363-24-6,dinoprostone,Dinoprostone,363-24-6,NS00009026,CAS_RN,NA,CAS_RN: 363-24-6,DTXSID4022947,C20H32O5,NA,NA,NA
NA,Dipyridamol,Dipyridamol,NA,NA,NA,NA,NA,NA,NA,NA,NA,NA
NA,"docos-13-enamide, Amides, C22 (unsaturated)","docos-13-enamide, Amides, C22 (unsaturated)",NA,NA,NA,NA,NA,NA,NA,NA,NA,NA
143-07-7,Neo-Fat 12-43,Dodecanoic acid,143-07-7,NS00008441,CAS_RN,NA,CAS_RN: 143-07-7,DTXSID5021590,C12H24O2,NA,NA,NA
142-90-5,dodecyl methacrylate,dodecyl methacrylate,142-90-5,NS00104758,Name,NA,CAS_RN: 142-90-5,NA,C16H30O2,NA,NA,NA
550-24-3,embelin,Embelin,550-24-3,NS00010319,CAS_RN,NA,CAS_RN: 550-24-3,DTXSID80203537,C17H26O4,NA,NA,NA
27503-81-7,PBS (Phenylbenzimidazole sulfonic acid),Ensulizole,27503-81-7,NS00010386,CAS_RN,NA,CAS_RN: 27503-81-7,DTXSID3038852,C13H10N2O3S1,NA,NA,PPCP
133040-01-4,Eprosartan,Eprosartan,133040-01-4,NS00000388,Name,NA,CAS_RN: 133040-01-4,DTXSID0022989,C23H24N2O4S1,Drug,Heart disease,PPCP
81-24-3,taurocholic acid,"Ethanesulfonic acid, 2-[[(3.alpha.,5.beta.,7.alpha.,12.alpha.)-3,7,12-trihydroxy-24-oxocholan-24-yl]amino]-",81-24-3,NS00002884,CAS_RN,NA,CAS_RN: 81-24-3,DTXSID00883259,C26H45N1O7S1,Bile,NA,PPCP
55591-10-1,"Ethanone, 1-(2,3-dihydro-1,1-dimethyl-1H-inden-4-yl)-","Ethanone, 1-(2,3-dihydro-1,1-dimethyl-1H-inden-4-yl)-",55591-10-1,NA,NA,NA,NA,NA,NA,NA,NA,NA
582-24-1,"Ethanone, 2-hydroxy-1-phenyl-","Ethanone, 2-hydroxy-1-phenyl-",582-24-1,NS00022418,Name,NA,CAS_RN: 582-24-1,DTXSID7060388,C8H8O2,NA,NA,NA
302-97-6,3-oxoandrost-4-ene-17Î²-carboxylic acid,Etienic acid,302-97-6,NS00011524,CAS_RN,NA,CAS_RN: 302-97-6,DTXSID0057706,C20H28O3,NA,NA,NA
41340-25-4,etodolac (NSAID drug),Etodolac,41340-25-4,NS00010209,CAS_RN,NA,CAS_RN: 41340-25-4,DTXSID9020615,C17H21N1O3,NA,NA,NA
83799-24-0,Fexofenadine,Fexofenadine,83799-24-0,NS00010515,Name,NA,CAS_RN: 83799-24-0,DTXSID00861411,C32H39N1O4,Drug,Antihistamine,PPCP
54143-55-4,Flecainide,Flecainide,54143-55-4,NS00010512,Name,NA,CAS_RN: 54143-55-4,DTXSID8023054,C17H20F6N2O3,Drug,Heart disease,PPCP
86386-73-4,fluconazole,Fluconazole,86386-73-4,NS00000281,CAS_RN,NA,CAS_RN: 86386-73-4,DTXSID3020627,C13H12F2N6O1,NA,NA,NA
206-44-0,Fluoranthene,Fluoranthene,206-44-0,NS00010700,Name,NA,CAS_RN: 206-44-0,DTXSID3024104,C16H10,PAC,NA,NA
86-73-7,Fluorene,Fluorene,86-73-7,NS00010698,Name,NA,CAS_RN: 86-73-7,DTXSID8024105,C13H10,PAH,NA,NA
NA,"Fumaric acid, ethyl 3-methylbut-2-yl ester","Fumaric acid, ethyl 3-methylbut-2-yl ester",NA,NA,NA,NA,NA,NA,NA,NA,NA,NA
118-00-3,Guanosine,Guanosine,118-00-3,NS00009027,Name,NA,CAS_RN: 118-00-3,NA,C10H13N5O5,NA,NA,NA
55019-46-0,"Hexadecanal, 2-methyl-","Hexadecanal, 2-methyl-",55019-46-0,NA,comptox batch - CAS-RN,NA,NA,DTXSID20338155,C17H34O,NA,NA,NA
55019-46-0,"Hexadecanal, methyl-","Hexadecanal, 2-methyl-",55019-46-0,NA,comptox batch - CAS-RN,NA,NA,DTXSID20338155,C17H34O,NA,NA,NA
57-10-3,Hexadecanoic acid,Hexadecanoic acid,57-10-3,NS00008548,Name,NA,CAS_RN: 57-10-3,DTXSID2021602,C16H32O2,Saturated fatty acid,NA,Misc.
142-91-6,"Hexadecanoic acid, 1-methylethyl ester","Hexadecanoic acid, 1-methylethyl ester",142-91-6,NS00009869,Name,NA,CAS_RN: 142-91-6,DTXSID9027104,C19H38O2,NA,NA,NA
55520-89-3,"Hexadecanoic acid, trimethylsilyl ester","Hexadecanoic acid, trimethylsilyl ester",55520-89-3,NA,comptox batch - Approved Name,NA,NA,DTXSID10334702,C19H40O2Si,NA,NA,NA
4998-57-6,histidine,Histidine,4998-57-6,NS00005578,CAS_RN,NA,CAS_RN: 4998-57-6,DTXSID9023126,C6H9N3O2,NA,NA,NA
1615-91-4,Diploptene,Hop-22(29)-ene,1615-91-4,NA,comptox batch - CAS-RN,NA,NA,DTXSID30936540,C30H50,NA,NA,NA
58-93-5,Hydrochlorothiazide,Hydrochlorothiazide,58-93-5,NS00000343,Name,NA,CAS_RN: 58-93-5,DTXSID2020713,C7H8Cl1N3O4S2,Halogenated,NA,NA
NA,Hydrocodone,Hydrocodone,125-29-1,NS00009201,Name,NA,CAS_RN: 125-29-1,DTXSID8023131,C18H21N1O3,NA,NA,NA
506-30-9,icosanoic acid,icosanoic acid,506-30-9,NS00107202,Name,NA,CAS_RN: 506-30-9,NA,C20H40O2,NA,NA,NA
193-43-1,"Indeno[1,2,3-cd]fluoranthene","Indeno(1,2,3-cd)fluoranthene",193-43-1,NS00073880,Name_IUPAC,NA,CAS_RN: 193-43-1,DTXSID60172898,NA,NA,NA,NA
193-39-5,"Indeno[1,2,3-cd]pyrene","Indeno(1,2,3-cd)pyrene",193-39-5,NS00008394,Synonyms_ChemSpider,1,CAS_RN: 193-39-5,DTXSID8024153,C22H12,NA,NA,NA
120-72-9,Indole,Indole,120-72-9,NS00010849,Name,NA,CAS_RN: 120-72-9,DTXSID0020737,C8H7N1,NA,NA,NA
1074-86-8,4-formyl indole,Indole-4-carboxaldehyde,1047-86-6,NS00015304,CAS_RN_Dashboard,NA,CAS_RN: 1047-86-6,DTXSID40318838,C9H7N1O1,NA,NA,NA
58-63-9,Inosine,Inosine,58-63-9,NS00010210,Name,NA,CAS_RN: 58-63-9,DTXSID2045993,C10H12N4O5,NA,NA,NA
138402-11-6,Irbesartan,Irbesartan,138402-11-6,NS00000387,Name,NA,CAS_RN: 138402-11-6,DTXSID0023169,C25H28N6O1,Drug,Heart disease,PPCP
91-56-5,"1H-Indole-2,3-dione",Isatin,91-56-5,NS00005535,CAS_RN,NA,CAS_RN: 91-56-5,DTXSID3038694,C8H5N1O2,NA,NA,NA
4247-02-3,isobutyl 4-hydroxybenzoate,Isobutylparaben,4247-02-3,NS00007256,CAS_RN,NA,CAS_RN: 4247-02-3,DTXSID4020749,C11H14O3,NA,NA,NA
6309-51-9,isopentyl laurate,isopentyl laurate,6309-51-9,NS00107436,Name,NA,CAS_RN: 6309-51-9,NA,C17H34O2,NA,NA,NA
5835-26-7,isopimaric acid,Isopimaric acid,5835-26-7,NS00022421,CAS_RN,NA,CAS_RN: 5835-26-7,DTXSID9022233,C20H30O2,NA,NA,NA
10233-13-3,isopropyl laurate,isopropyl laurate,10233-13-3,NS00104226,Name,NA,CAS_RN: 10233-13-3,NA,C15H30O2,NA,NA,NA
110-27-0,Wickenol 101,Isopropyl tetradecanoate,110-27-0,NS00006471,Synonyms_ChemSpider,0,CAS_RN: 110-27-0,DTXSID0026838,C17H34O2,NA,NA,Misc.
99-49-0,Carvone,KARVON_D,99-49-0,NS00108273,CAS_RN,NA,CAS_RN: 99-49-0,NA,C10H14O,NA,NA,PPCP
NA,Ketoconazole,Ketoconazole,65277-42-1,NS00010890,Name,NA,CAS_RN: 65277-42-1,DTXSID7029879,C26H28Cl2N4O4,NA,NA,NA
69-96-5,beta-hydroxyphenylalanine,L-threo-3-Phenylserine,69-96-5,NS00002730,CAS_RN,NA,CAS_RN: 69-96-5,DTXSID80863731,C9H11N1O3,NA,NA,NA
73-22-3,Tryptophan,l-Tryptophan,73-22-3,NS00003513,CAS_RN,NA,CAS_RN: 73-22-3,DTXSID5021419,C11H12N2O2,amino acid,NA,PPCP
NA,Lamotrigine,Lamotrigine,84057-84-1,NS00000354,Name,NA,CAS_RN: 84057-84-1,DTXSID2023195,C9H7Cl2N5,NA,NA,NA
13945-76-1,dodecyl dodecanoate,Lauryl laurate,13945-76-1,NS00009876,Name_IUPAC,NA,CAS_RN: 13945-76-1,DTXSID6065684,C24H48O2,NA,NA,NA
NA,Losartan,Losartan,114798-26-4,NS00008822,Name,NA,CAS_RN: 114798-26-4,DTXSID7023227,C22H23Cl1N6O1,NA,NA,NA
1617-70-5,Lupenone,Lup-20(29)-en-3-one,1617-70-5,NA,comptox batch - CAS-RN,NA,NA,DTXSID90936586,C30H48O,NA,NA,NA
2909-38-8,"Benzene, 1-chloro-3-isocyanato-",m-Chlorophenyl isocyanate,2909-38-8,NS00007754,Synonyms_ChemSpider,1,CAS_RN: 2909-38-8,DTXSID1062702,C7H4Cl1N1O1,Halogenated,NA,NA
108-39-4,"Phenol, 3-methyl- (m-Cresol)",m-Cresol,108-39-4,NS00010658,CAS_RN,NA,CAS_RN: 108-39-4,DTXSID6024200,C7H8O1,flavorant/fragrence,NA,Misc.
122-46-3,m-Cresyl acetate,m-Cresyl acetate,122-46-3,NS00012122,Name,NA,CAS_RN:  122-46-3,DTXSID7046041,C9H10O2,NA,NA,NA
NA,Maprotiline,Maprotiline,10262-69-8,NS00009793,Name,NA,CAS_RN: 10262-69-8,DTXSID7045029,C20H23N1,NA,NA,NA
NA,MDMA,MDMA,42542-10-9,NS00010441,Name,NA,CAS_RN: 42542-10-9,DTXSID90860791,C11H15N1O2,NA,NA,NA
89-78-1,DL-Menthol,Menthol (DL-menthol),89-78-1,NS00001027,CAS_RN,NA,CAS_RN: 89-78-1,DTXSID8029650,C10H20O1,NA,NA,PPCP
59-47-2,mephenesin,Mephenesin,59-47-2,NS00001081,Name_ChemSpider,NA,CAS_RN: 59-47-2,DTXSID4023254,C10H14O3,NA,NA,NA
30618-84-9,"mercaptoacetic acid, monoester with propane-1,2,3-triol","mercaptoacetic acid, monoester with propane-1,2,3-triol",30618-84-9,NS00106955,Name,NA,CAS_RN: 30618-84-9,NA,C5H10O4S,NA,NA,NA
67129-08-2,"2-chloro-N-(2,6-dimethylphenyl)-N-(1H-pyrazol-1-ylmethyl)acetamide",Metazachlor,67129-08-2,NS00000249,CAS_RN,NA,CAS_RN: 67129-08-2,DTXSID4058156,C14H16Cl1N3O1,Halogenated,NA,NA
153-00-4,metenolone,metenolone,153-00-4,NS00077347,Name,NA,CAS_RN: 153-00-4,NA,NA,NA,NA,NA
NA,Methadone,Methadone,76-99-3,NS00000411,Name,NA,CAS_RN: 76-99-3,DTXSID7023273,C21H27N1O1,NA,NA,NA
58-18-4,17-alpha-Methyltestosterone,Methandrostenolone,72-63-9,NS00010330,Synonyms_ChemSpider,0,CAS_RN: 72-63-9,DTXSID2023276,C20H28O2,NA,NA,NA
134-20-3,Methyl anthranilate,Methyl 2-aminobenzoate,134-20-3,NS00002018,Name_ChemSpider,NA,CAS_RN: 134-20-3,DTXSID6025567,C8H9N1O2,NA,NA,NA
72291-30-6,"Propanoic acid, 2-cyano-2-methyl-, methyl ester",methyl 2-cyano-2-methylpropanoate,72291-30-6,NS00009466,Synonyms_ChemSpider,1,CAS_RN: 72291-30-6,DTXSID10449946,C6H9N1O2,NA,NA,NA
816-19-3,Methyl 2-ethylhexanoate,Methyl 2-ethylhexanoate,816-19-3,NS00001346,Name,NA,CAS_RN: 816-19-3,DTXSID9052559,C9H18O2,NA,NA,NA
14205-39-1,methyl 3-aminocrotonate,methyl 3-aminocrotonate,14205-39-1,NS00100158,Name,NA,14205-39-1,NA,NA,NA,NA,NA
105-45-3,methyl acetoacetate,methyl acetoacetate,105-45-3,NS00104278,Name,NA,CAS_RN: 105-45-3,NA,C5H8O3,NA,NA,NA
68517-10-2,methyl isostearate,methyl isostearate,68517-10-2,NS00107532,Name,NA,CAS_RN: 68517-10-2,NA,C19H38O2,NA,NA,NA
124-10-7,methyl myristate,methyl myristate,124-10-7,NS00104609,Name,NA,CAS_RN: 124-10-7,NA,C15H30O2,NA,NA,NA
111-11-5,methyl octanoate,methyl octanoate,111-11-5,NS00104427,Name,NA,CAS_RN: 111-11-5,NA,C9H18O2,NA,NA,NA
112-39-0,methyl palmitate,methyl palmitate,112-39-0,NS00104480,Name,NA,CAS_RN: 112-39-0,NA,C17H34O2,NA,NA,NA
101-41-7,"Phenylacetic acid, methyl ester",Methyl phenylacetate,101-41-7,NS00001353,Synonyms_ChemSpider,0,CAS_RN: 101-41-7,DTXSID1044352,C9H10O2,flavorant/fragrence,NA,Misc.
112-61-8,methyl stearate,Methyl stearate,112-61-8,NS00001076,CAS_RN,NA,CAS_RN: 112-61-8,DTXSID2047640,C19H38O2,NA,NA,NA
NA,Metoclopramide,Metoclopramide,364-62-5,NS00000392,Name,NA,CAS_RN: 364-62-5,DTXSID6045169,C14H22Cl1N3O2,NA,NA,NA
NA,Metoprolol,Metoprolol,37350-58-6,NS00000197,Name,NA,CAS_RN: 37350-58-6,DTXSID2023309,C15H25N1O3,NA,NA,NA
NA,Mirtazapine,Mirtazapine,85650-52-8,NS00009441,Name,NA,CAS_RN: 85650-52-8,DTXSID0023325,C17H19N3,NA,NA,NA
1696-20-4,"Morpholine, 4-acetyl-","Morpholine, 4-acetyl-",1696-20-4,NS00009993,Name,NA,CAS_RN: 1696-20-4,DTXSID9061889,C6H11N1O2,NA,NA,NA
7646-67-5,N-(2-hydroxyethyl)prop-2-enamide,N-(2-hydroxyethyl)prop-2-enamide,7646-67-5,NS00105781,Name,NA,CAS_RN: 7646-67-5,NA,C5H9NO2,NA,NA,NA
923-02-4,N-(hydroxymethyl)methacrylamide,N-(hydroxymethyl)methacrylamide,923-02-4,NS00107796,Name,NA,CAS_RN: 923-02-4,NA,C5H9NO2,NA,NA,NA
27317-69-7,"N-[N-[(1,1-dimethylethoxy)carbonyl]-L-alanyl]-L-alanine","N-[N-[(1,1-dimethylethoxy)carbonyl]-L-alanyl]-L-alanine",27317-69-7,NS00004174,Name,NA,CAS_RN: 27317-69-7,NA,C11H20N2O5,NA,NA,NA
3622-84-2,"Benzenesulfonamide, N-butyl-",N-Butylbenzenesulfonamide,3622-84-2,NS00007746,Synonyms_ChemSpider,1,CAS_RN: 3622-84-2,DTXSID7027540,C10H15N1O2S1,NA,NA,NA
6104-71-8,"Clozapine, Desmethyl",N-Desmethylclozapine,6104-71-8,NS00010419,CAS_RN,NA,CAS_RN: 6104-71-8,DTXSID0042616,C17H17Cl1N4,Drug,Antiphsychotic metabolite,PPCP
4394-85-8,N-Formylmorpholine,N-Formylmorpholine,4394-85-8,NS00105320,Name,NA,CAS_RN: 4394-85-8,NA,C5H9NO2,NA,NA,NA
74367-22-9,"n-Pentadecanoic acid, trimethylsilyl ester","n-Pentanoic acid, trimethylsilyl ester",74367-22-9,NA,comptox batch - Integrated Source Name,NA,NA,DTXSID40335202,C18H38O2Si,NA,NA,NA
10543-57-4,"N,N'-ethylenebis[N-acetylacetamide]","N,N'-ethylenebis[N-acetylacetamide]",10543-57-4,NS00104277,Name,NA,CAS_RN: 10543-57-4,NA,C10H16N2O4,NA,NA,NA
93-83-4,"N,N-bis(2-hydroxyethyl)oleamide","N,N-bis(2-hydroxyethyl)oleamide",93-83-4,NS00079032,Name,NA,CAS_RN: 93-83-4,NA,C22H43NO3,NA,NA,NA
112-18-5,"1-Dodecanamine, N,N-dimethyl-","N,N-Dimethyldodecan-1-amine",112-18-5,NS00006542,Synonyms_ChemSpider,1,CAS_RN: 112-18-5,DTXSID1026906,C14H31N1,NA,NA,NA
1118-92-9,"Octanamide, N,N-dimethyl-","N,N-Dimethyloctanamide",1118-92-9,NS00009475,CAS_RN,NA,CAS_RN: 1118-92-9,DTXSID9027364,C10H21N1O1,NA,NA,NA
91-20-3,Naphthalene,Naphthalene,91-20-3,NS00008377,Name,NA,CAS_RN: 91-20-3,DTXSID8020913,C10H8,NA,NA,NA
483-77-2,"Naphthalene, 1,2,3,4-tetrahydro-1,6-dimethyl-4-(1-methylethyl)-, (1S-cis)-","naphthalene, 1,2,3,4-tetrahydro-1,6-dimethyl-4-(1-methylethyl)-, (1s-cis)-",483-77-2,NS00095902,CAS_RN,NA,CAS_RN: 483-77-2,DTXSID40880702,C15H22,NA,NA,NA
NA,"Naphthalene, dimethyl-Birgitta1","Naphthalene, dimethyl-Birgitta1",NA,NA,NA,NA,NA,NA,NA,NA,NA,NA
NA,"Naphthalene, dimethyl-Birgitta2","Naphthalene, dimethyl-Birgitta2",NA,NA,NA,NA,NA,NA,NA,NA,NA,NA
191-37-7,"Naphtho[2,1,8,7-klmn]xanthene","Naphtho(2,1,8,7-klmn)xanthene",191-37-7,NS00026242,Synonyms_ChemSpider,1,CAS_RN: 191-37-7,DTXSID20172617,C18H10O1,NA,NA,NA
NA,"Natural product, Br3Cl3, probably monoterpene","Natural product, Br3Cl3, probably monoterpene",NA,NA,NA,NA,NA,NA,NA,Natural product,NA,NA
59354-78-8,Neononanoic acid,Neononanoic acid,59354-78-8,NS00004316,Name,NA,CAS_RN: 59354-78-8,DTXSID50208099,C9H18O2,NA,NA,NA
54-11-5,Nicotine,Nicotine,54-11-5,NS00010445,Name,NA,CAS_RN: 54-11-5,DTXSID1020930,C10H14N2,Drug,NA,PPCP
112-05-0,Nonanoic acid,Nonanoic acid,112-05-0,NS00009752,Name,NA,CAS_RN: 112-05-0,DTXSID3021641,C9H18O2,NA,NA,NA
26856-96-2,Nonyl hydrogen sulfate,nonyl hydrogen sulfate,26856-96-2,NS00005697,Name_ChemSpider,NA,CAS_RN: 26856-96-2,NA,C9H20O4S1,NA,NA,NA
93413-62-8,"Venlafaxine,-O-desmethyl-",O-Desmethyl Venlafaxine,93413-62-8,NS00000330,CAS_RN,NA,CAS_RN: 93413-62-8,DTXSID40869118,C16H25N1O2,Drug,NA,PPCP
NA,Octadecanamide (branched),Octadecanamide (branched),NA,NA,NA,NA,NA,NA,NA,NA,NA,NA
5466-77-3,Ethylhexyl methoxycinnamate,Octinoxate,5466-77-3,NS00004841,CAS_RN,NA,CAS_RN: 5466-77-3,DTXSID1025302,C18H26O3,NA,NA,NA
2306-88-9,octyl octanoate,octyl octanoate,2306-88-9,NS00106773,Name,NA,CAS_RN: 2306-88-9,NA,C16H32O2,NA,NA,NA
132539-06-1,OLANZAPINE,Olanzapine,132539-06-1,NS00000036,CAS_RN,NA,CAS_RN: 132539-06-1,DTXSID9023388,C17H20N4S1,NA,NA,NA
88546-55-8,Omeprazole Sulfone,Omeprazole sulfone,88546-55-8,NS00003072,CAS_RN,NA,CAS_RN: 88546-55-8,DTXSID40237116,C17H19N3O4S1,NA,NA,NA
187227-45-8,Oseltamivir carboxylate,Oseltamivir acid,187227-45-8,NS00000302,CAS_RN,NA,CAS_RN: 187227-45-8,DTXSID50171996,C14H24N2O4,Drug,Antiviral,PPCP
630-60-4,ouabain,Ouabain,630-60-4,NS00003260,CAS_RN,NA,CAS_RN: 630-60-4,DTXSID0043765,C29H44O12,NA,NA,NA
604-75-1,Oxazepam,Oxazepam,604-75-1,NS00007748,Name,NA,CAS_RN: 604-75-1,DTXSID1021087,C15H11Cl1N2O2,NA,NA,PPCP
2465-59-0,Oxypurinol,Oxypurinol,2465-59-0,NS00006655,Name,NA,CAS_RN: 2465-59-0,DTXSID4035209,C5H4N4O2,NA,NA,PPCP
106-44-5,"Phenol, 4-methyl- (p-Cresol)",p-Cresol,106-44-5,NS00008242,CAS_RN,NA,CAS_RN: 106-44-5,DTXSID7021869,C7H8O1,NA,NA,Misc.
123-08-0,4-hydroxybenzaldehyde,p-Hydroxybenzaldehyde,123-08-0,NS00014566,Name_IUPAC,NA,CAS_RN: 123-08-0,DTXSID8059552,C7H6O2,Flavorant/Colorant,NA,PPCP
629-54-9,Hexadecanamide,Palmitamide,629-54-9,NS00014846,Synonyms_ChemSpider,1,CAS_RN: 629-54-9,DTXSID8044707,C16H33N1O1,Primary fatty acid,NA,NA
16485-10-2,"Panthenol , DL-form","panthenol, DL-form",16485-10-2,NS00106616,CAS_RN,NA,CAS_RN: 16485-10-2,NA,C9H19NO4,NA,NA,PPCP
70-70-2,Paroxypropione,Paroxypropione,70-70-2,NS00003309,Name,NA,CAS_RN: 70-70-2,DTXSID8023426,C9H10O2,NA,NA,PPCP
69782-90-7,PCB-157,PCB-157,69782-90-7,NS00099774,Name,NA,NA,NA,C12H4Cl6,PCB,NA,NA
52663-78-2,PCB-195,PCB-195,52663-78-2,NA,NA,NA,NA,NA,NA,PCB,NA,NA
60348-60-9,"2,2',4,4',6-Pentabromodiphenyl ether (PBDE#99)",Pentabromodiphenyl Ether,60348-60-9,NS00004728,CAS_RN,NA,CAS_RN: 60348-60-9,NA,C12H5Br5O1,PBDE,NA,NA
106-02-5,Pentadecan-15-olide,Pentadecan-15-olide,106-02-5,NS00007638,Name,NA,CAS_RN: 106-02-5,DTXSID6044359,C15H28O2,NA,NA,Misc.
380917-97-5,Perampanel,Perampanel,380917-97-5,NS00004827,Name,NA,CAS_RN: 380917-97-5,DTXSID80191501,C23H15N3O1,NA,NA,NA
171978-95-3,PFDoDA,Perfluorododecanoate,171978-95-3,NA,comptox batch - CAS-RN,NA,NA,DTXSID00892482,C12F23O2,PFAS,NA,NA
307-55-1,PFDOA,Perfluorododecanoic acid,307-55-1,NS00009617,CAS_RN,NA,CAS_RN: 307-55-1,DTXSID8031861,C12H1F23O2,PFAS,NA,NA
355-46-4,PFHxS,Perfluorohexanesulfonic acid,355-46-4,NS00010279,Synonyms_ChemSpider,0,CAS_RN: 355-46-4,DTXSID7040150,C6H1F13O3S1,PFAS,NA,NA
754-91-6,FOSA,Perfluorooctanesulfonamide,754-91-6,NS00010967,CAS_RN,NA,CAS_RN: 754-91-6,DTXSID3038939,C8H2F17N1O2S1,PFAS,NA,NA
1763-23-1,Perfluorooctane sulfonate (PFOS) (Acid),Perfluorooctanesulfonic acid,1763-23-1,NS00010280,CAS_RN,NA,CAS_RN: 1763-23-1,DTXSID3031864,C8H1F17O3S1,PFAS,NA,NA
198-55-0,Perylene,Perylene,198-55-0,NS00007842,Name,NA,CAS_RN: 198-55-0,DTXSID4047753,C20H12,NA,NA,Misc.
92612-52-7,PFHxA,PFHxA,307-24-4,NS00104040,Name,NA,CAS_RN: 307-24-4,NA,C6HF11O2,PFAS,NA,NA
474511-07-4,PFNS,PFNS,474511-07-4,NA,NA,NA,NA,NA,NA,PFAS,NA,NA
5062-30-6,Phenacylidene diacetate,Phenacylidene diacetate,5062-30-6,NA,NA,NA,NA,NA,NA,NA,NA,NA
548-39-0,1H-Phenalen-1-one,Phenalen-1-one,548-39-0,NS00043912,CAS_RN,NA,CAS_RN: 548-39-0,DTXSID20203278,C13H8O,NA,NA,NA
85-01-8,Phenanthrene,Phenanthrene,85-01-8,NS00009484,Name,NA,CAS_RN: 85-01-8,DTXSID6024254,C14H10,PAH and alkylated derivatives,NA,Misc.
3674-69-9,"Phenanthrene, 4,5-dimethyl-","Phenanthrene, 4,5-dimethyl- (8CI)(9CI)",3674-69-9,NS00095887,CAS_RN,NA,CAS_RN: 3674-69-9,DTXSID20190199,C16H14,PAH and alkylated derivatives,NA,NA
NA,"Phenanthrene, methyl-","Phenanthrene, methyl-",NA,NA,NA,NA,NA,NA,NA,PAH and alkylated derivatives,NA,NA
591-20-8,"Phenol, 3-bromo-","Phenol, 3-bromo-",591-20-8,NS00034092,Name,NA,CAS_RN: 591-20-8,DTXSID9060449,C6H5Br1O1,Halogenated,NA,NA
13595-25-0,bisphenol M,"Phenol, 4,4'-[1,3-phenylenebis(1-methylethylidene)]bis-",13595-25-0,NS00006040,CAS_RN,NA,CAS_RN: 13595-25-0,DTXSID7065548,C24H26O2,Bisphenol,NA,NA
103-71-9,Phenylisocyanate,Phenyl isocyanate,103-71-9,NS00010655,Name_ChemSpider,NA,CAS_RN: 103-71-9,DTXSID5051521,C7H5N1O1,NA,NA,NA
1074-12-0,Phenylglyoxal,Phenylglyoxal,1074-12-0,NS00023460,Name,NA,CAS_RN: 1074-12-0,DTXSID8025888,C8H6O2,NA,NA,NA
40143-76-8,PFHxPA,"Phosphonic acid, (tridecafluorohexyl)-",,NS00011279,Synonyms_ChemSpider,0,CAS_RN: NA,DTXSID90880439,C6H2F13O3P1,PFAS,NA,NA
NA,"Phthalic acid, di(2-propylpentyl) ester","Phthalic acid, di(2-propylpentyl) ester",NA,NA,NA,NA,NA,NA,NA,NA,NA,NA
NA,"Phthalic acid, di(6-methylhept-2-yl) ester","Phthalic acid, di(6-methylhept-2-yl) ester",NA,NA,NA,NA,NA,NA,NA,NA,NA,NA
NA,"Phthalic acid, hept-3-yl octyl ester","Phthalic acid, hept-3-yl octyl ester",NA,NA,NA,NA,NA,NA,NA,NA,NA,NA
NA,"Phthalic acid, nonyl 2-pentyl ester","Phthalic acid, nonyl 2-pentyl ester",NA,NA,NA,NA,NA,NA,NA,NA,NA,NA
85-41-6,"1H-Isoindole-1,3(2H)-dione",Phthalimide,85-41-6,NS00010682,Synonyms_ChemSpider,1,CAS_RN: 85-41-6,DTXSID3026514,C8H5N1O2,NA,NA,NA
243973-20-8,pinoxaden,Pinoxaden,243973-20-8,NS00000321,Name_ChemSpider,NA,CAS_RN: 243973-20-8,DTXSID8034823,C23H32N2O4,Phenylpyrazolin,NA,Herbicide
1478-61-1,hexafluoroBPA (bisfenol AF),"Potassium 4,4'-(hexafluoroisopropylidene)diphenolate",25088-69-1,NS00011437,CAS_RN_Dashboard,NA,CAS_RN: 25088-69-1,NA,C15H10F6O2,Bisphenol,NA,NA
4706-78-9,dodecyl sulfuric acid,Potassium dodecyl sulphate,4706-78-9,NS00081255,CAS_RN,NA,CAS_RN: 4706-78-9,NA,C12H26O4S.K,NA,NA,NA
23288-49-5,Probucol,Probucol,23288-49-5,NS00003652,Name,NA,CAS_RN: 23288-49-5,DTXSID2045440,C31H48O2S2,Drug,NA,PPCP
186817-80-1,"Propanoic acid, 2-hydroxy-, 2-ethylhexyl ester, (2S)-","Propanoic acid, 2-hydroxy-, 2-ethylhexyl ester, (2S)-",186817-80-1,NS00104915,Name,NA,CAS_RN: 186817-80-1,NA,C11H22O3,NA,NA,NA
525-66-6,Propranolol,Propranolol,525-66-6,NS00000196,Name,NA,CAS_RN: 525-66-6,DTXSID6023525,C16H21N1O2,Drug,NA,PPCP
82543-17-7,PUBCHEM_13075981,PUBCHEM_13075981,82543-17-7,NS00005875,Name,NA,CAS_RN: 82543-17-7,DTXSID20517428,C24H34O4,NA,NA,NA
129-00-0,Pyrene,Pyrene,129-00-0,NS00010701,Name,NA,CAS_RN: 129-00-0,DTXSID3024289,C16H10,PAH,NA,Misc.
18438-38-5,"Pyridine, 2-(methylthio)-","Pyridine, 2-(methylthio)-",18438-38-5,NA,comptox batch - CAS-RN,NA,NA,DTXSID00171567,C6H7NS,NA,NA,NA
65-23-6,Pyridoxine,Pyridoxine,65-23-6,NS00004187,Name,NA,CAS_RN: 65-23-6,DTXSID4023541,C8H11N1O3,Vitamin,NA,PPCP
111974-69-7,Quetiapine,Quetiapine,111974-69-7,NS00010395,Name,NA,CAS_RN: 111974-69-7,DTXSID9023546,C21H25N3O2S1,Drug,NA,PPCP
130-95-0,Quinine,Quinine,130-95-0,NS00002397,Name,NA,CAS_RN: 130-95-0,DTXSID0044280,C20H24N2O2,Drug,NA,PPCP
148-24-3,quinolin-8-ol,quinolin-8-ol,148-24-3,NS00106573,Name,NA,CAS_RN: 148-24-3,NA,C9H7NO,NA,NA,NA
205754-32-1,rac 8-Hydroxy Efavirenz,rac 8-Hydroxy Efavirenz,205754-32-1,NS00009526,Name,NA,CAS_RN: 205754-32-1,NA,C14H9Cl1F3N1O3,NA,NA,NA
108-46-3,Resorcinol,Resorcinol,108-46-3,NS00007013,Name,NA,CAS_RN: 108-46-3,DTXSID2021238,C6H6O2,NA,NA,NA
127-47-9,retinyl acetate,retinyl acetate,127-47-9,NS00077313,Name,NA,CAS_RN: 127-47-9,NA,NA,NA,NA,NA
NA,"Salicylic acid, butyl ether, butyl ester","Salicylic acid, butyl ether, butyl ester",NA,NA,NA,NA,NA,NA,NA,NA,NA,NA
89365-50-4,Salmeterol,Salmeterol,89365-50-4,NS00010340,Name,NA,CAS_RN: 89365-50-4,DTXSID6023571,C25H37N1O4,NA,NA,NA
486460-32-6,Sitagliptin,Sitagliptin,486460-32-6,NS00000425,Name,NA,CAS_RN: 486460-32-6,DTXSID70197572,C16H15F6N5O1,Drug,NA,PPCP
3930-20-9,Sotalol,Sotalol,3930-20-9,NS00000195,Name,NA,CAS_RN: 3930-20-9,DTXSID0023589,C12H20N2O3S1,Drug,NA,PPCP
57-11-4,Octadecanoic acid,stearic acid,57-11-4,NS00105495,CAS_RN,NA,CAS_RN: 57-11-4,NA,C18H36O2,NA,NA,NA
NA,"Succinic acid, 2-(dimethylamino)ethyl 4-isopropylphenyl ester","Succinic acid, 2-(dimethylamino)ethyl 4-isopropylphenyl ester",NA,NA,NA,NA,NA,NA,NA,NA,NA,NA
526-08-9,sulfaphenazole,Sulfaphenazole,526-08-9,NS00006369,CAS_RN,NA,CAS_RN: 526-08-9,DTXSID2044131,C15H14N4O2S1,NA,NA,NA
144-83-2,Sulfapyridine,Sulfapyridine,144-83-2,NS00000225,Name,NA,CAS_RN: 144-83-2,DTXSID3026067,C11H11N3O2S1,Drug,NA,PPCP
4065-45-6,sulisobenzone,sulisobenzone,4065-45-6,NS00107115,Name,NA,CAS_RN: 4065-45-6,NA,C14H12O6S,NA,NA,NA
4065-45-6,benzophenone-4 (sulisobenzone),Sulisobenzone,4065-45-6,NS00009581,CAS_RN,NA,CAS_RN: 4065-45-6,DTXSID2042436,C14H12O6S1,NA,NA,PPCP
15676-16-1,Sulpiride,Sulpiride,15676-16-1,NS00010476,Name,NA,CAS_RN: 15676-16-1,DTXSID1042574,C15H23N3O4S1,Drug,NA,PPCP
103628-46-2,Sumatriptan,Sumatriptan,103628-46-2,NS00009397,Name,NA,CAS_RN: 103628-46-2,DTXSID4023628,C14H21N3O2S1,Drug,NA,PPCP
144701-48-4,Telmisartan,Telmisartan,144701-48-4,NS00000398,Name,NA,CAS_RN: 144701-48-4,DTXSID8023636,C33H30N4O2,Drug,NA,PPCP
1948-33-0,t-Butylhydroquinone,tert-Butylhydroquinone,1948-33-0,NS00010294,CAS_RN,NA,CAS_RN: 1948-33-0,DTXSID6020220,C10H14O2,synthetic aromatic organic compound,NA,Misc.
544-63-8,Myristic acid,Tetradecanoic acid,544-63-8,NS00010444,Name_ChemSpider,NA,CAS_RN: 544-63-8,DTXSID6021666,C14H28O2,NA,NA,NA
18603-17-3,"Tetradecanoic acid, trimethylsilyl ester","Tetradecanoic acid, trimethylsilyl ester",18603-17-3,NA,comptox batch - Approved Name,NA,NA,DTXSID00334079,C17H36O2Si,NA,NA,NA
4754-44-3,Tetradecyl sulfate,Tetradecyl sulfate,4754-44-3,NS00005015,Name,NA,CAS_RN: 4754-44-3,DTXSID8041292,C14H30O4S1,Drug,NA,PPCP
2455-24-5,Tetrahydrofurfuryl methacrylate,Tetrahydrofurfuryl methacrylate,2455-24-5,NS00006075,Name,NA,CAS_RN: 2455-24-5,DTXSID0022191,C9H14O3,NA,NA,NA
529-34-0,Tetralinone,Tetralinone,529-34-0,NS00108646,Name,NA,CAS_RN: 529-34-0,NA,C10H10O,Drug intermediate,NA,PPCP
27203-92-5,Tramadol,Tramadol,27203-92-5,NS00000338,Name,NA,CAS_RN: 27203-92-5,DTXSID90858931,C16H25N1O2,Drug,NA,PPCP
1900-69-2,"Cyclohexanol, 4-(1,1-dimethylethyl)-, acetate, trans-",trans-4-tert-butylcyclohexyl acetate,1900-69-2,NS00081890,CAS_RN,NA,CAS_RN: 1900-69-2,NA,C12H22O2,NA,NA,NA
958-76-1,"trans-Decalin, 2-methyl-","trans-Decalin, 2-methyl-",958-76-1,NA,NA,NA,NA,NA,NA,NA,NA,NA
102-76-1,Triacetin,Triacetin,102-76-1,NS00010706,Name,NA,CAS_RN: 102-76-1,DTXSID3026691,C9H14O6,NA,NA,Misc.
39852-87-4,"Tricyclo[5.2.1.0(2,6)]dec-3-en-10-ol","tricyclo[5.2.1.0(2,6)]dec-3-en-10-ol",39852-87-4,NS00096343,CAS_RN,NA,CAS_RN: 39852-87-4,DTXSID20880922,C10H14O,NA,NA,NA
76-05-1,Trifluoroacetic acid,Trifluoroacetic acid,76-05-1,NS00008877,Name,NA,CAS_RN: 76-05-1,DTXSID9041578,C2H1F3O2,NA,NA,NA
738-70-5,Trimethoprim,Trimethoprim,738-70-5,NS00000211,Name,NA,CAS_RN: 738-70-5,DTXSID3023712,C14H18N4O3,Drug,Antibiotic,PPCP
2078-12-8,Benzoic acid trimethylsilyl ester,Trimethylsilyl benzoate,2078-12-8,NS00045989,CAS_RN,NA,CAS_RN: 2078-12-8,DTXSID30174864,C10H14O2Si,NA,NA,NA
10416-59-8,trimethylsilyl N-trimethylsilylacetamidate,trimethylsilyl N-trimethylsilylacetamidate,10416-59-8,NS00106215,Name,NA,CAS_RN: 10416-59-8,NA,C8H21NOSi2,NA,NA,NA
18748-91-9,"Octadecanoic acid, trimethylsilyl ester",Trimethylsilyl stearate,18748-91-9,NS00048143,CAS_RN,NA,CAS_RN: 18748-91-9,DTXSID90940209,C21H44O2Si,NA,NA,NA
217-59-4,Triphenylene,Triphenylene,217-59-4,NS00026961,Name,NA,CAS_RN: 217-59-4,DTXSID9059757,C18H12,PAH,NA,NA
55934-93-5,"Propanol, [(butoxymethylethoxy)methylethoxy]-",Tripropylene glycol butyl ether,55934-93-5,NS00001901,CAS_RN,NA,CAS_RN: 55934-93-5,DTXSID8042503,C13H28O4,NA,NA,NA
78-51-3,"Ethanol, 2-butoxy-, phosphate (3:1)",Tris(2-butoxyethyl) phosphate,78-51-3,NS00010389,CAS_RN,NA,CAS_RN: 78-51-3,DTXSID5021758,C18H39O7P1,NA,NA,NA
13674-84-5,"2-Propanol, 1-chloro-, phosphate (3:1)",Tris(2-chloroisopropyl)phosphate (TCPP),13674-84-5,NS00009572,CAS_RN,NA,CAS_RN: 13674-84-5,DTXSID5026259,C9H18Cl3O4P1,Halogenated flame retardant,NA,Misc.
35130-97-3,Tropine-3-mesylate,Tropine-3-mesylate,35130-97-3,NS00001123,Name,NA,CAS_RN: 35130-97-3,DTXSID20892383,C9H17N1O3S1,NA,NA,NA
93-35-6,Umbelliferone,Umbelliferone,93-35-6,NS00001324,Name,NA,CAS_RN: 93-35-6,DTXSID5052626,C9H6O3,Natural product,NA,PPCP
6316-30-9,"Benzoic acid, undecyl ester",Undecyl benzoate,6316-30-9,NS00096101,CAS_RN,NA,CAS_RN: 6316-30-9,DTXSID60281712,C18H28O2,NA,NA,PPCP
137862-53-4,Valsartan,Valsartan,137862-53-4,NS00000341,Name,NA,CAS_RN: 137862-53-4,DTXSID6023735,C24H29N5O3,Drug,NA,PPCP
93413-69-5,Venlafaxine,Venlafaxine,93413-69-5,NS00000031,Name,NA,CAS_RN: 93413-69-5,DTXSID6023737,C17H27N1O2,Drug,NA,PPCP
